exp_id,row_index,ladder,source,rung,n_tri_nominal,n_components_nominal,smoothing_iters,verify_watertight,seed,repeat,input_is_sheet_like,cell_budget_s,seconds,peak_rss_mb,in_points,in_cells,out_points,out_cells,cell_ratio,is_watertight,total_stage_seconds,status,stage_component_filter_s,stage_fill_holes_s,stage_smooth_s,stage_finalize_s,env_cpu,env_cpu_count_logical,env_ram_gb,env_os,env_python,env_numpy,env_scipy,env_trimesh,env_pyvista,env_opencv,env_torch,env_git_commit,env_torch_threads,env_cuda_available,env_gpu,env_vtk,env_run_started_utc,stage_watertight_check_s
a1_refine_scaling,0,triangles,icosphere,50000,50000,1,0,False,0,0,False,240.0,0.1783,822.0,25002,50000,25002,50000,1.0,,0.176,ok,0.0505,0.0258,0.0,0.0997,12th Gen Intel(R) Core(TM) i7-1255U,12,15.68,Windows-10-10.0.26200-SP0,3.11.15,1.26.4,1.17.1,4.12.2,0.48.4,5.0.0,2.11.0+cu128,50414c3,10,False,,"(9, 6, 2)",2026-08-29T16:30:44+00:00,
a1_refine_scaling,1,triangles,icosphere,50000,50000,1,0,False,0,1,False,240.0,0.1988,822.0,25002,50000,25002,50000,1.0,,0.197,ok,0.0622,0.0312,0.0,0.1036,12th Gen Intel(R) Core(TM) i7-1255U,12,15.68,Windows-10-10.0.26200-SP0,3.11.15,1.26.4,1.17.1,4.12.2,0.48.4,5.0.0,2.11.0+cu128,50414c3,10,False,,"(9, 6, 2)",2026-08-29T16:30:44+00:00,
a1_refine_scaling,2,triangles,icosphere,50000,50000,1,0,False,0,2,False,240.0,0.1773,822.0,25002,50000,25002,50000,1.0,,0.1755,ok,0.0487,0.03,0.0,0.0968,12th Gen Intel(R) Core(TM) i7-1255U,12,15.68,Windows-10-10.0.26200-SP0,3.11.15,1.26.4,1.17.1,4.12.2,0.48.4,5.0.0,2.11.0+cu128,50414c3,10,False,,"(9, 6, 2)",2026-08-29T16:30:44+00:00,
a1_refine_scaling,3,triangles,icosphere,100000,100000,1,0,False,0,0,False,240.0,0.3641,822.0,50002,100000,50002,100000,1.0,,0.361,ok,0.1255,0.0569,0.0,0.1786,12th Gen Intel(R) Core(TM) i7-1255U,12,15.68,Windows-10-10.0.26200-SP0,3.11.15,1.26.4,1.17.1,4.12.2,0.48.4,5.0.0,2.11.0+cu128,50414c3,10,False,,"(9, 6, 2)",2026-08-29T16:30:44+00:00,
a1_refine_scaling,4,triangles,icosphere,100000,100000,1,0,False,0,1,False,240.0,0.4056,822.0,50002,100000,50002,100000,1.0,,0.4032,ok,0.0938,0.0726,0.0,0.2368,12th Gen Intel(R) Core(TM) i7-1255U,12,15.68,Windows-10-10.0.26200-SP0,3.11.15,1.26.4,1.17.1,4.12.2,0.48.4,5.0.0,2.11.0+cu128,50414c3,10,False,,"(9, 6, 2)",2026-08-29T16:30:44+00:00,
a1_refine_scaling,5,triangles,icosphere,100000,100000,1,0,False,0,2,False,240.0,0.3804,822.0,50002,100000,50002,100000,1.0,,0.3781,ok,0.1053,0.0672,0.0,0.2056,12th Gen Intel(R) Core(TM) i7-1255U,12,15.68,Windows-10-10.0.26200-SP0,3.11.15,1.26.4,1.17.1,4.12.2,0.48.4,5.0.0,2.11.0+cu128,50414c3,10,False,,"(9, 6, 2)",2026-08-29T16:30:44+00:00,
a1_refine_scaling,6,triangles,icosphere,250000,250000,1,0,False,0,0,False,240.0,0.9908,858.8,125002,250000,125002,250000,1.0,,0.9875,ok,0.2327,0.1212,0.0,0.6336,12th Gen Intel(R) Core(TM) i7-1255U,12,15.68,Windows-10-10.0.26200-SP0,3.11.15,1.26.4,1.17.1,4.12.2,0.48.4,5.0.0,2.11.0+cu128,50414c3,10,False,,"(9, 6, 2)",2026-08-29T16:30:44+00:00,
a1_refine_scaling,7,triangles,icosphere,250000,250000,1,0,False,0,1,False,240.0,0.9157,859.8,125002,250000,125002,250000,1.0,,0.9117,ok,0.2289,0.1106,0.0,0.5722,12th Gen Intel(R) Core(TM) i7-1255U,12,15.68,Windows-10-10.0.26200-SP0,3.11.15,1.26.4,1.17.1,4.12.2,0.48.4,5.0.0,2.11.0+cu128,50414c3,10,False,,"(9, 6, 2)",2026-08-29T16:30:44+00:00,
a1_refine_scaling,8,triangles,icosphere,250000,250000,1,0,False,0,2,False,240.0,0.9231,860.8,125002,250000,125002,250000,1.0,,0.9195,ok,0.2026,0.1231,0.0,0.5938,12th Gen Intel(R) Core(TM) i7-1255U,12,15.68,Windows-10-10.0.26200-SP0,3.11.15,1.26.4,1.17.1,4.12.2,0.48.4,5.0.0,2.11.0+cu128,50414c3,10,False,,"(9, 6, 2)",2026-08-29T16:30:44+00:00,
a1_refine_scaling,9,triangles,icosphere,500000,500000,1,0,False,0,0,False,240.0,2.158,1014.7,250002,500000,250002,500000,1.0,,2.1528,ok,0.4415,0.2677,0.0,1.4436,12th Gen Intel(R) Core(TM) i7-1255U,12,15.68,Windows-10-10.0.26200-SP0,3.11.15,1.26.4,1.17.1,4.12.2,0.48.4,5.0.0,2.11.0+cu128,50414c3,10,False,,"(9, 6, 2)",2026-08-29T16:30:44+00:00,
a1_refine_scaling,10,triangles,icosphere,500000,500000,1,0,False,0,1,False,240.0,2.282,1014.7,250002,500000,250002,500000,1.0,,2.2764,ok,0.5346,0.2645,0.0,1.4773,12th Gen Intel(R) Core(TM) i7-1255U,12,15.68,Windows-10-10.0.26200-SP0,3.11.15,1.26.4,1.17.1,4.12.2,0.48.4,5.0.0,2.11.0+cu128,50414c3,10,False,,"(9, 6, 2)",2026-08-29T16:30:44+00:00,
a1_refine_scaling,11,triangles,icosphere,500000,500000,1,0,False,0,2,False,240.0,2.1493,1014.7,250002,500000,250002,500000,1.0,,2.142,ok,0.4485,0.2314,0.0,1.4621,12th Gen Intel(R) Core(TM) i7-1255U,12,15.68,Windows-10-10.0.26200-SP0,3.11.15,1.26.4,1.17.1,4.12.2,0.48.4,5.0.0,2.11.0+cu128,50414c3,10,False,,"(9, 6, 2)",2026-08-29T16:30:44+00:00,
a1_refine_scaling,12,triangles,icosphere,1000000,1000000,1,0,False,0,0,False,240.0,5.701,1153.2,500002,1000000,500002,1000000,1.0,,5.69,ok,0.92,0.4929,0.0,4.2771,12th Gen Intel(R) Core(TM) i7-1255U,12,15.68,Windows-10-10.0.26200-SP0,3.11.15,1.26.4,1.17.1,4.12.2,0.48.4,5.0.0,2.11.0+cu128,50414c3,10,False,,"(9, 6, 2)",2026-08-29T16:30:44+00:00,
a1_refine_scaling,13,triangles,icosphere,1000000,1000000,1,0,False,0,1,False,240.0,5.5729,1157.3,500002,1000000,500002,1000000,1.0,,5.5638,ok,0.932,0.473,0.0,4.1588,12th Gen Intel(R) Core(TM) i7-1255U,12,15.68,Windows-10-10.0.26200-SP0,3.11.15,1.26.4,1.17.1,4.12.2,0.48.4,5.0.0,2.11.0+cu128,50414c3,10,False,,"(9, 6, 2)",2026-08-29T16:30:44+00:00,
a1_refine_scaling,14,triangles,icosphere,1000000,1000000,1,0,False,0,2,False,240.0,5.6014,1182.1,500002,1000000,500002,1000000,1.0,,5.5912,ok,0.9532,0.4675,0.0,4.1705,12th Gen Intel(R) Core(TM) i7-1255U,12,15.68,Windows-10-10.0.26200-SP0,3.11.15,1.26.4,1.17.1,4.12.2,0.48.4,5.0.0,2.11.0+cu128,50414c3,10,False,,"(9, 6, 2)",2026-08-29T16:30:44+00:00,
a1_refine_scaling,15,triangles,icosphere,2500000,2500000,1,0,False,0,0,False,240.0,24.4017,1759.2,1250002,2500000,1250002,2500000,1.0,,24.3822,ok,2.7191,1.3714,0.0,20.2917,12th Gen Intel(R) Core(TM) i7-1255U,12,15.68,Windows-10-10.0.26200-SP0,3.11.15,1.26.4,1.17.1,4.12.2,0.48.4,5.0.0,2.11.0+cu128,50414c3,10,False,,"(9, 6, 2)",2026-08-29T16:30:44+00:00,
a1_refine_scaling,16,triangles,icosphere,2500000,2500000,1,0,False,0,1,False,240.0,24.197,1759.2,1250002,2500000,1250002,2500000,1.0,,24.1777,ok,2.6081,1.2941,0.0,20.2755,12th Gen Intel(R) Core(TM) i7-1255U,12,15.68,Windows-10-10.0.26200-SP0,3.11.15,1.26.4,1.17.1,4.12.2,0.48.4,5.0.0,2.11.0+cu128,50414c3,10,False,,"(9, 6, 2)",2026-08-29T16:30:44+00:00,
a1_refine_scaling,17,triangles,icosphere,2500000,2500000,1,0,False,0,2,False,240.0,24.5396,1759.2,1250002,2500000,1250002,2500000,1.0,,24.5184,ok,2.6134,1.3975,0.0,20.5075,12th Gen Intel(R) Core(TM) i7-1255U,12,15.68,Windows-10-10.0.26200-SP0,3.11.15,1.26.4,1.17.1,4.12.2,0.48.4,5.0.0,2.11.0+cu128,50414c3,10,False,,"(9, 6, 2)",2026-08-29T16:30:44+00:00,
a1_refine_scaling,18,triangles,icosphere,50000,50000,1,0,True,0,0,False,240.0,0.2103,1759.2,25002,50000,25002,50000,1.0,True,0.2062,ok,0.0429,0.024,0.0,0.0819,12th Gen Intel(R) Core(TM) i7-1255U,12,15.68,Windows-10-10.0.26200-SP0,3.11.15,1.26.4,1.17.1,4.12.2,0.48.4,5.0.0,2.11.0+cu128,50414c3,10,False,,"(9, 6, 2)",2026-08-29T16:30:44+00:00,0.0574
a1_refine_scaling,19,triangles,icosphere,50000,50000,1,0,True,0,1,False,240.0,0.2812,1759.2,25002,50000,25002,50000,1.0,True,0.2785,ok,0.0497,0.0464,0.0,0.1041,12th Gen Intel(R) Core(TM) i7-1255U,12,15.68,Windows-10-10.0.26200-SP0,3.11.15,1.26.4,1.17.1,4.12.2,0.48.4,5.0.0,2.11.0+cu128,50414c3,10,False,,"(9, 6, 2)",2026-08-29T16:30:44+00:00,0.0783
a1_refine_scaling,20,triangles,icosphere,50000,50000,1,0,True,0,2,False,240.0,0.2638,1759.2,25002,50000,25002,50000,1.0,True,0.2618,ok,0.0597,0.029,0.0,0.106,12th Gen Intel(R) Core(TM) i7-1255U,12,15.68,Windows-10-10.0.26200-SP0,3.11.15,1.26.4,1.17.1,4.12.2,0.48.4,5.0.0,2.11.0+cu128,50414c3,10,False,,"(9, 6, 2)",2026-08-29T16:30:44+00:00,0.0671
a1_refine_scaling,21,triangles,icosphere,100000,100000,1,0,True,0,0,False,240.0,0.4913,1759.2,50002,100000,50002,100000,1.0,True,0.4891,ok,0.0871,0.0478,0.0,0.2129,12th Gen Intel(R) Core(TM) i7-1255U,12,15.68,Windows-10-10.0.26200-SP0,3.11.15,1.26.4,1.17.1,4.12.2,0.48.4,5.0.0,2.11.0+cu128,50414c3,10,False,,"(9, 6, 2)",2026-08-29T16:30:44+00:00,0.1413
a1_refine_scaling,22,triangles,icosphere,100000,100000,1,0,True,0,1,False,240.0,0.5082,1759.2,50002,100000,50002,100000,1.0,True,0.5057,ok,0.1069,0.0669,0.0,0.2028,12th Gen Intel(R) Core(TM) i7-1255U,12,15.68,Windows-10-10.0.26200-SP0,3.11.15,1.26.4,1.17.1,4.12.2,0.48.4,5.0.0,2.11.0+cu128,50414c3,10,False,,"(9, 6, 2)",2026-08-29T16:30:44+00:00,0.1291
a1_refine_scaling,23,triangles,icosphere,100000,100000,1,0,True,0,2,False,240.0,0.5144,1759.2,50002,100000,50002,100000,1.0,True,0.5119,ok,0.1137,0.0744,0.0,0.2034,12th Gen Intel(R) Core(TM) i7-1255U,12,15.68,Windows-10-10.0.26200-SP0,3.11.15,1.26.4,1.17.1,4.12.2,0.48.4,5.0.0,2.11.0+cu128,50414c3,10,False,,"(9, 6, 2)",2026-08-29T16:30:44+00:00,0.1204
a1_refine_scaling,24,triangles,icosphere,250000,250000,1,0,True,0,0,False,240.0,1.4032,1759.2,125002,250000,125002,250000,1.0,True,1.3983,ok,0.2759,0.162,0.0,0.6513,12th Gen Intel(R) Core(TM) i7-1255U,12,15.68,Windows-10-10.0.26200-SP0,3.11.15,1.26.4,1.17.1,4.12.2,0.48.4,5.0.0,2.11.0+cu128,50414c3,10,False,,"(9, 6, 2)",2026-08-29T16:30:44+00:00,0.3091
a1_refine_scaling,25,triangles,icosphere,250000,250000,1,0,True,0,1,False,240.0,1.2689,1759.2,125002,250000,125002,250000,1.0,True,1.2643,ok,0.2372,0.1262,0.0,0.5789,12th Gen Intel(R) Core(TM) i7-1255U,12,15.68,Windows-10-10.0.26200-SP0,3.11.15,1.26.4,1.17.1,4.12.2,0.48.4,5.0.0,2.11.0+cu128,50414c3,10,False,,"(9, 6, 2)",2026-08-29T16:30:44+00:00,0.322
a1_refine_scaling,26,triangles,icosphere,250000,250000,1,0,True,0,2,False,240.0,1.3459,1759.2,125002,250000,125002,250000,1.0,True,1.3417,ok,0.2058,0.1553,0.0,0.6696,12th Gen Intel(R) Core(TM) i7-1255U,12,15.68,Windows-10-10.0.26200-SP0,3.11.15,1.26.4,1.17.1,4.12.2,0.48.4,5.0.0,2.11.0+cu128,50414c3,10,False,,"(9, 6, 2)",2026-08-29T16:30:44+00:00,0.311
a1_refine_scaling,27,triangles,icosphere,500000,500000,1,0,True,0,0,False,240.0,2.9771,1759.2,250002,500000,250002,500000,1.0,True,2.9694,ok,0.5477,0.2386,0.0,1.5167,12th Gen Intel(R) Core(TM) i7-1255U,12,15.68,Windows-10-10.0.26200-SP0,3.11.15,1.26.4,1.17.1,4.12.2,0.48.4,5.0.0,2.11.0+cu128,50414c3,10,False,,"(9, 6, 2)",2026-08-29T16:30:44+00:00,0.6664
a1_refine_scaling,28,triangles,icosphere,500000,500000,1,0,True,0,1,False,240.0,3.057,1759.2,250002,500000,250002,500000,1.0,True,3.051,ok,0.5235,0.2501,0.0,1.5561,12th Gen Intel(R) Core(TM) i7-1255U,12,15.68,Windows-10-10.0.26200-SP0,3.11.15,1.26.4,1.17.1,4.12.2,0.48.4,5.0.0,2.11.0+cu128,50414c3,10,False,,"(9, 6, 2)",2026-08-29T16:30:44+00:00,0.7213
a1_refine_scaling,29,triangles,icosphere,500000,500000,1,0,True,0,2,False,240.0,2.9979,1759.2,250002,500000,250002,500000,1.0,True,2.9914,ok,0.5093,0.257,0.0,1.5425,12th Gen Intel(R) Core(TM) i7-1255U,12,15.68,Windows-10-10.0.26200-SP0,3.11.15,1.26.4,1.17.1,4.12.2,0.48.4,5.0.0,2.11.0+cu128,50414c3,10,False,,"(9, 6, 2)",2026-08-29T16:30:44+00:00,0.6826
a1_refine_scaling,30,triangles,icosphere,1000000,1000000,1,0,True,0,0,False,240.0,6.8843,1759.2,500002,1000000,500002,1000000,1.0,True,6.8763,ok,1.0044,0.4755,0.0,4.16,12th Gen Intel(R) Core(TM) i7-1255U,12,15.68,Windows-10-10.0.26200-SP0,3.11.15,1.26.4,1.17.1,4.12.2,0.48.4,5.0.0,2.11.0+cu128,50414c3,10,False,,"(9, 6, 2)",2026-08-29T16:30:44+00:00,1.2364
a1_refine_scaling,31,triangles,icosphere,1000000,1000000,1,0,True,0,1,False,240.0,6.6997,1759.2,500002,1000000,500002,1000000,1.0,True,6.6903,ok,0.8884,0.5175,0.0,4.0316,12th Gen Intel(R) Core(TM) i7-1255U,12,15.68,Windows-10-10.0.26200-SP0,3.11.15,1.26.4,1.17.1,4.12.2,0.48.4,5.0.0,2.11.0+cu128,50414c3,10,False,,"(9, 6, 2)",2026-08-29T16:30:44+00:00,1.2528
a1_refine_scaling,32,triangles,icosphere,1000000,1000000,1,0,True,0,2,False,240.0,6.9841,1759.2,500002,1000000,500002,1000000,1.0,True,6.9743,ok,0.9835,0.485,0.0,4.2464,12th Gen Intel(R) Core(TM) i7-1255U,12,15.68,Windows-10-10.0.26200-SP0,3.11.15,1.26.4,1.17.1,4.12.2,0.48.4,5.0.0,2.11.0+cu128,50414c3,10,False,,"(9, 6, 2)",2026-08-29T16:30:44+00:00,1.2594
a1_refine_scaling,33,triangles,icosphere,2500000,2500000,1,0,True,0,0,False,240.0,27.5147,1759.2,1250002,2500000,1250002,2500000,1.0,True,27.4835,ok,2.7185,1.2834,0.0,20.0832,12th Gen Intel(R) Core(TM) i7-1255U,12,15.68,Windows-10-10.0.26200-SP0,3.11.15,1.26.4,1.17.1,4.12.2,0.48.4,5.0.0,2.11.0+cu128,50414c3,10,False,,"(9, 6, 2)",2026-08-29T16:30:44+00:00,3.3984
a1_refine_scaling,34,triangles,icosphere,2500000,2500000,1,0,True,0,1,False,240.0,27.5938,1759.2,1250002,2500000,1250002,2500000,1.0,True,27.5612,ok,2.6813,1.2789,0.0,20.278,12th Gen Intel(R) Core(TM) i7-1255U,12,15.68,Windows-10-10.0.26200-SP0,3.11.15,1.26.4,1.17.1,4.12.2,0.48.4,5.0.0,2.11.0+cu128,50414c3,10,False,,"(9, 6, 2)",2026-08-29T16:30:44+00:00,3.323
a1_refine_scaling,35,triangles,icosphere,2500000,2500000,1,0,True,0,2,False,240.0,27.9934,1759.2,1250002,2500000,1250002,2500000,1.0,True,27.9642,ok,2.6851,1.3538,0.0,20.6119,12th Gen Intel(R) Core(TM) i7-1255U,12,15.68,Windows-10-10.0.26200-SP0,3.11.15,1.26.4,1.17.1,4.12.2,0.48.4,5.0.0,2.11.0+cu128,50414c3,10,False,,"(9, 6, 2)",2026-08-29T16:30:44+00:00,3.3134
a1_refine_scaling,36,triangles,icosphere,50000,50000,1,15,False,0,0,False,240.0,0.2013,1759.2,25002,50000,25002,50000,1.0,,0.1986,ok,0.0519,0.0231,0.0419,0.0817,12th Gen Intel(R) Core(TM) i7-1255U,12,15.68,Windows-10-10.0.26200-SP0,3.11.15,1.26.4,1.17.1,4.12.2,0.48.4,5.0.0,2.11.0+cu128,50414c3,10,False,,"(9, 6, 2)",2026-08-29T16:30:44+00:00,
a1_refine_scaling,37,triangles,icosphere,50000,50000,1,15,False,0,1,False,240.0,0.1957,1759.2,25002,50000,25002,50000,1.0,,0.1939,ok,0.0427,0.0233,0.0431,0.0848,12th Gen Intel(R) Core(TM) i7-1255U,12,15.68,Windows-10-10.0.26200-SP0,3.11.15,1.26.4,1.17.1,4.12.2,0.48.4,5.0.0,2.11.0+cu128,50414c3,10,False,,"(9, 6, 2)",2026-08-29T16:30:44+00:00,
a1_refine_scaling,38,triangles,icosphere,50000,50000,1,15,False,0,2,False,240.0,0.2049,1759.2,25002,50000,25002,50000,1.0,,0.2028,ok,0.0465,0.0246,0.0404,0.0913,12th Gen Intel(R) Core(TM) i7-1255U,12,15.68,Windows-10-10.0.26200-SP0,3.11.15,1.26.4,1.17.1,4.12.2,0.48.4,5.0.0,2.11.0+cu128,50414c3,10,False,,"(9, 6, 2)",2026-08-29T16:30:44+00:00,
a1_refine_scaling,39,triangles,icosphere,100000,100000,1,15,False,0,0,False,240.0,0.4653,1759.2,50002,100000,50002,100000,1.0,,0.4626,ok,0.1106,0.0573,0.0905,0.2042,12th Gen Intel(R) Core(TM) i7-1255U,12,15.68,Windows-10-10.0.26200-SP0,3.11.15,1.26.4,1.17.1,4.12.2,0.48.4,5.0.0,2.11.0+cu128,50414c3,10,False,,"(9, 6, 2)",2026-08-29T16:30:44+00:00,
a1_refine_scaling,40,triangles,icosphere,100000,100000,1,15,False,0,1,False,240.0,0.4469,1759.2,50002,100000,50002,100000,1.0,,0.4443,ok,0.0905,0.0538,0.1065,0.1935,12th Gen Intel(R) Core(TM) i7-1255U,12,15.68,Windows-10-10.0.26200-SP0,3.11.15,1.26.4,1.17.1,4.12.2,0.48.4,5.0.0,2.11.0+cu128,50414c3,10,False,,"(9, 6, 2)",2026-08-29T16:30:44+00:00,
a1_refine_scaling,41,triangles,icosphere,100000,100000,1,15,False,0,2,False,240.0,0.4857,1759.2,50002,100000,50002,100000,1.0,,0.4832,ok,0.1021,0.0511,0.1129,0.2171,12th Gen Intel(R) Core(TM) i7-1255U,12,15.68,Windows-10-10.0.26200-SP0,3.11.15,1.26.4,1.17.1,4.12.2,0.48.4,5.0.0,2.11.0+cu128,50414c3,10,False,,"(9, 6, 2)",2026-08-29T16:30:44+00:00,
a1_refine_scaling,42,triangles,icosphere,250000,250000,1,15,False,0,0,False,240.0,1.2047,1759.2,125002,250000,125002,250000,1.0,,1.2005,ok,0.2176,0.1142,0.2674,0.6013,12th Gen Intel(R) Core(TM) i7-1255U,12,15.68,Windows-10-10.0.26200-SP0,3.11.15,1.26.4,1.17.1,4.12.2,0.48.4,5.0.0,2.11.0+cu128,50414c3,10,False,,"(9, 6, 2)",2026-08-29T16:30:44+00:00,
a1_refine_scaling,43,triangles,icosphere,250000,250000,1,15,False,0,1,False,240.0,1.2692,1759.2,125002,250000,125002,250000,1.0,,1.2645,ok,0.2242,0.1617,0.2728,0.6058,12th Gen Intel(R) Core(TM) i7-1255U,12,15.68,Windows-10-10.0.26200-SP0,3.11.15,1.26.4,1.17.1,4.12.2,0.48.4,5.0.0,2.11.0+cu128,50414c3,10,False,,"(9, 6, 2)",2026-08-29T16:30:44+00:00,
a1_refine_scaling,44,triangles,icosphere,250000,250000,1,15,False,0,2,False,240.0,1.1005,1759.2,125002,250000,125002,250000,1.0,,1.0957,ok,0.2325,0.1006,0.2189,0.5437,12th Gen Intel(R) Core(TM) i7-1255U,12,15.68,Windows-10-10.0.26200-SP0,3.11.15,1.26.4,1.17.1,4.12.2,0.48.4,5.0.0,2.11.0+cu128,50414c3,10,False,,"(9, 6, 2)",2026-08-29T16:30:44+00:00,
a1_refine_scaling,45,triangles,icosphere,500000,500000,1,15,False,0,0,False,240.0,2.8315,1759.2,250002,500000,250002,500000,1.0,,2.8248,ok,0.5307,0.2518,0.4972,1.5451,12th Gen Intel(R) Core(TM) i7-1255U,12,15.68,Windows-10-10.0.26200-SP0,3.11.15,1.26.4,1.17.1,4.12.2,0.48.4,5.0.0,2.11.0+cu128,50414c3,10,False,,"(9, 6, 2)",2026-08-29T16:30:44+00:00,
a1_refine_scaling,46,triangles,icosphere,500000,500000,1,15,False,0,1,False,240.0,2.8105,1759.2,250002,500000,250002,500000,1.0,,2.7988,ok,0.5285,0.2448,0.4245,1.601,12th Gen Intel(R) Core(TM) i7-1255U,12,15.68,Windows-10-10.0.26200-SP0,3.11.15,1.26.4,1.17.1,4.12.2,0.48.4,5.0.0,2.11.0+cu128,50414c3,10,False,,"(9, 6, 2)",2026-08-29T16:30:44+00:00,
a1_refine_scaling,47,triangles,icosphere,500000,500000,1,15,False,0,2,False,240.0,2.9006,1759.2,250002,500000,250002,500000,1.0,,2.8936,ok,0.6009,0.2956,0.5134,1.4837,12th Gen Intel(R) Core(TM) i7-1255U,12,15.68,Windows-10-10.0.26200-SP0,3.11.15,1.26.4,1.17.1,4.12.2,0.48.4,5.0.0,2.11.0+cu128,50414c3,10,False,,"(9, 6, 2)",2026-08-29T16:30:44+00:00,
a1_refine_scaling,48,triangles,icosphere,1000000,1000000,1,15,False,0,0,False,240.0,6.7377,1759.2,500002,1000000,500002,1000000,1.0,,6.7231,ok,0.9006,0.4431,0.9878,4.3916,12th Gen Intel(R) Core(TM) i7-1255U,12,15.68,Windows-10-10.0.26200-SP0,3.11.15,1.26.4,1.17.1,4.12.2,0.48.4,5.0.0,2.11.0+cu128,50414c3,10,False,,"(9, 6, 2)",2026-08-29T16:30:44+00:00,
a1_refine_scaling,49,triangles,icosphere,1000000,1000000,1,15,False,0,1,False,240.0,7.2252,1759.2,500002,1000000,500002,1000000,1.0,,7.2124,ok,0.9967,0.5434,1.0327,4.6396,12th Gen Intel(R) Core(TM) i7-1255U,12,15.68,Windows-10-10.0.26200-SP0,3.11.15,1.26.4,1.17.1,4.12.2,0.48.4,5.0.0,2.11.0+cu128,50414c3,10,False,,"(9, 6, 2)",2026-08-29T16:30:44+00:00,
a1_refine_scaling,50,triangles,icosphere,1000000,1000000,1,15,False,0,2,False,240.0,6.6338,1759.2,500002,1000000,500002,1000000,1.0,,6.6244,ok,0.9402,0.4747,0.9623,4.2472,12th Gen Intel(R) Core(TM) i7-1255U,12,15.68,Windows-10-10.0.26200-SP0,3.11.15,1.26.4,1.17.1,4.12.2,0.48.4,5.0.0,2.11.0+cu128,50414c3,10,False,,"(9, 6, 2)",2026-08-29T16:30:44+00:00,
a1_refine_scaling,51,triangles,icosphere,2500000,2500000,1,15,False,0,0,False,240.0,27.1531,1759.2,1250002,2500000,1250002,2500000,1.0,,27.113,ok,2.7527,1.4119,2.5591,20.3893,12th Gen Intel(R) Core(TM) i7-1255U,12,15.68,Windows-10-10.0.26200-SP0,3.11.15,1.26.4,1.17.1,4.12.2,0.48.4,5.0.0,2.11.0+cu128,50414c3,10,False,,"(9, 6, 2)",2026-08-29T16:30:44+00:00,
a1_refine_scaling,52,triangles,icosphere,2500000,2500000,1,15,False,0,1,False,240.0,27.7861,1759.2,1250002,2500000,1250002,2500000,1.0,,27.7574,ok,2.5681,1.4067,2.5626,21.22,12th Gen Intel(R) Core(TM) i7-1255U,12,15.68,Windows-10-10.0.26200-SP0,3.11.15,1.26.4,1.17.1,4.12.2,0.48.4,5.0.0,2.11.0+cu128,50414c3,10,False,,"(9, 6, 2)",2026-08-29T16:30:44+00:00,
a1_refine_scaling,53,triangles,icosphere,2500000,2500000,1,15,False,0,2,False,240.0,27.5307,1759.2,1250002,2500000,1250002,2500000,1.0,,27.5,ok,2.7225,1.3526,2.5665,20.8584,12th Gen Intel(R) Core(TM) i7-1255U,12,15.68,Windows-10-10.0.26200-SP0,3.11.15,1.26.4,1.17.1,4.12.2,0.48.4,5.0.0,2.11.0+cu128,50414c3,10,False,,"(9, 6, 2)",2026-08-29T16:30:44+00:00,
a1_refine_scaling,54,triangles,icosphere,50000,50000,1,15,True,0,0,False,240.0,0.2578,1759.2,25002,50000,25002,50000,1.0,True,0.2558,ok,0.0449,0.023,0.0461,0.0855,12th Gen Intel(R) Core(TM) i7-1255U,12,15.68,Windows-10-10.0.26200-SP0,3.11.15,1.26.4,1.17.1,4.12.2,0.48.4,5.0.0,2.11.0+cu128,50414c3,10,False,,"(9, 6, 2)",2026-08-29T16:30:44+00:00,0.0563
a1_refine_scaling,55,triangles,icosphere,50000,50000,1,15,True,0,1,False,240.0,0.3158,1759.2,25002,50000,25002,50000,1.0,True,0.3135,ok,0.0541,0.0302,0.0519,0.1006,12th Gen Intel(R) Core(TM) i7-1255U,12,15.68,Windows-10-10.0.26200-SP0,3.11.15,1.26.4,1.17.1,4.12.2,0.48.4,5.0.0,2.11.0+cu128,50414c3,10,False,,"(9, 6, 2)",2026-08-29T16:30:44+00:00,0.0767
a1_refine_scaling,56,triangles,icosphere,50000,50000,1,15,True,0,2,False,240.0,0.3263,1759.2,25002,50000,25002,50000,1.0,True,0.324,ok,0.0672,0.034,0.061,0.1007,12th Gen Intel(R) Core(TM) i7-1255U,12,15.68,Windows-10-10.0.26200-SP0,3.11.15,1.26.4,1.17.1,4.12.2,0.48.4,5.0.0,2.11.0+cu128,50414c3,10,False,,"(9, 6, 2)",2026-08-29T16:30:44+00:00,0.0611
a1_refine_scaling,57,triangles,icosphere,100000,100000,1,15,True,0,0,False,240.0,0.6573,1759.2,50002,100000,50002,100000,1.0,True,0.6545,ok,0.1101,0.0582,0.0972,0.2195,12th Gen Intel(R) Core(TM) i7-1255U,12,15.68,Windows-10-10.0.26200-SP0,3.11.15,1.26.4,1.17.1,4.12.2,0.48.4,5.0.0,2.11.0+cu128,50414c3,10,False,,"(9, 6, 2)",2026-08-29T16:30:44+00:00,0.1695
a1_refine_scaling,58,triangles,icosphere,100000,100000,1,15,True,0,1,False,240.0,0.5932,1759.2,50002,100000,50002,100000,1.0,True,0.5908,ok,0.0965,0.05,0.0928,0.2047,12th Gen Intel(R) Core(TM) i7-1255U,12,15.68,Windows-10-10.0.26200-SP0,3.11.15,1.26.4,1.17.1,4.12.2,0.48.4,5.0.0,2.11.0+cu128,50414c3,10,False,,"(9, 6, 2)",2026-08-29T16:30:44+00:00,0.1468
a1_refine_scaling,59,triangles,icosphere,100000,100000,1,15,True,0,2,False,240.0,0.6272,1759.2,50002,100000,50002,100000,1.0,True,0.6238,ok,0.0829,0.0566,0.0964,0.223,12th Gen Intel(R) Core(TM) i7-1255U,12,15.68,Windows-10-10.0.26200-SP0,3.11.15,1.26.4,1.17.1,4.12.2,0.48.4,5.0.0,2.11.0+cu128,50414c3,10,False,,"(9, 6, 2)",2026-08-29T16:30:44+00:00,0.1649
a1_refine_scaling,60,triangles,icosphere,250000,250000,1,15,True,0,0,False,240.0,1.619,1759.2,125002,250000,125002,250000,1.0,True,1.6134,ok,0.2973,0.1201,0.273,0.6158,12th Gen Intel(R) Core(TM) i7-1255U,12,15.68,Windows-10-10.0.26200-SP0,3.11.15,1.26.4,1.17.1,4.12.2,0.48.4,5.0.0,2.11.0+cu128,50414c3,10,False,,"(9, 6, 2)",2026-08-29T16:30:44+00:00,0.3072
a1_refine_scaling,61,triangles,icosphere,250000,250000,1,15,True,0,1,False,240.0,1.5988,1759.2,125002,250000,125002,250000,1.0,True,1.5932,ok,0.2624,0.1124,0.2674,0.6069,12th Gen Intel(R) Core(TM) i7-1255U,12,15.68,Windows-10-10.0.26200-SP0,3.11.15,1.26.4,1.17.1,4.12.2,0.48.4,5.0.0,2.11.0+cu128,50414c3,10,False,,"(9, 6, 2)",2026-08-29T16:30:44+00:00,0.3441
a1_refine_scaling,62,triangles,icosphere,250000,250000,1,15,True,0,2,False,240.0,1.5425,1759.2,125002,250000,125002,250000,1.0,True,1.5382,ok,0.2261,0.1043,0.2068,0.6119,12th Gen Intel(R) Core(TM) i7-1255U,12,15.68,Windows-10-10.0.26200-SP0,3.11.15,1.26.4,1.17.1,4.12.2,0.48.4,5.0.0,2.11.0+cu128,50414c3,10,False,,"(9, 6, 2)",2026-08-29T16:30:44+00:00,0.3891
a1_refine_scaling,63,triangles,icosphere,500000,500000,1,15,True,0,0,False,240.0,3.4443,1759.2,250002,500000,250002,500000,1.0,True,3.4357,ok,0.4837,0.2759,0.465,1.5329,12th Gen Intel(R) Core(TM) i7-1255U,12,15.68,Windows-10-10.0.26200-SP0,3.11.15,1.26.4,1.17.1,4.12.2,0.48.4,5.0.0,2.11.0+cu128,50414c3,10,False,,"(9, 6, 2)",2026-08-29T16:30:44+00:00,0.6782
a1_refine_scaling,64,triangles,icosphere,500000,500000,1,15,True,0,1,False,240.0,3.6328,1759.2,250002,500000,250002,500000,1.0,True,3.6255,ok,0.5205,0.326,0.4942,1.5726,12th Gen Intel(R) Core(TM) i7-1255U,12,15.68,Windows-10-10.0.26200-SP0,3.11.15,1.26.4,1.17.1,4.12.2,0.48.4,5.0.0,2.11.0+cu128,50414c3,10,False,,"(9, 6, 2)",2026-08-29T16:30:44+00:00,0.7122
a1_refine_scaling,65,triangles,icosphere,500000,500000,1,15,True,0,2,False,240.0,3.6608,1759.2,250002,500000,250002,500000,1.0,True,3.6526,ok,0.4906,0.2753,0.4812,1.6213,12th Gen Intel(R) Core(TM) i7-1255U,12,15.68,Windows-10-10.0.26200-SP0,3.11.15,1.26.4,1.17.1,4.12.2,0.48.4,5.0.0,2.11.0+cu128,50414c3,10,False,,"(9, 6, 2)",2026-08-29T16:30:44+00:00,0.7842
a1_refine_scaling,66,triangles,icosphere,1000000,1000000,1,15,True,0,0,False,240.0,8.1533,1759.2,500002,1000000,500002,1000000,1.0,True,8.1351,ok,1.0555,0.4379,1.0144,4.3935,12th Gen Intel(R) Core(TM) i7-1255U,12,15.68,Windows-10-10.0.26200-SP0,3.11.15,1.26.4,1.17.1,4.12.2,0.48.4,5.0.0,2.11.0+cu128,50414c3,10,False,,"(9, 6, 2)",2026-08-29T16:30:44+00:00,1.2338
a1_refine_scaling,67,triangles,icosphere,1000000,1000000,1,15,True,0,1,False,240.0,8.2254,1759.2,500002,1000000,500002,1000000,1.0,True,8.2075,ok,1.0358,0.4632,0.9603,4.4695,12th Gen Intel(R) Core(TM) i7-1255U,12,15.68,Windows-10-10.0.26200-SP0,3.11.15,1.26.4,1.17.1,4.12.2,0.48.4,5.0.0,2.11.0+cu128,50414c3,10,False,,"(9, 6, 2)",2026-08-29T16:30:44+00:00,1.2787
a1_refine_scaling,68,triangles,icosphere,1000000,1000000,1,15,True,0,2,False,240.0,8.2047,1759.2,500002,1000000,500002,1000000,1.0,True,8.1851,ok,1.0078,0.472,0.9872,4.4712,12th Gen Intel(R) Core(TM) i7-1255U,12,15.68,Windows-10-10.0.26200-SP0,3.11.15,1.26.4,1.17.1,4.12.2,0.48.4,5.0.0,2.11.0+cu128,50414c3,10,False,,"(9, 6, 2)",2026-08-29T16:30:44+00:00,1.2469
a1_refine_scaling,69,triangles,icosphere,2500000,2500000,1,15,True,0,0,False,240.0,29.9146,1927.7,1250002,2500000,1250002,2500000,1.0,True,29.8801,ok,2.7953,1.3388,2.561,19.7262,12th Gen Intel(R) Core(TM) i7-1255U,12,15.68,Windows-10-10.0.26200-SP0,3.11.15,1.26.4,1.17.1,4.12.2,0.48.4,5.0.0,2.11.0+cu128,50414c3,10,False,,"(9, 6, 2)",2026-08-29T16:30:44+00:00,3.4588
a1_refine_scaling,70,triangles,icosphere,2500000,2500000,1,15,True,0,1,False,240.0,30.1155,1927.7,1250002,2500000,1250002,2500000,1.0,True,30.0816,ok,2.6519,1.2346,2.4358,20.325,12th Gen Intel(R) Core(TM) i7-1255U,12,15.68,Windows-10-10.0.26200-SP0,3.11.15,1.26.4,1.17.1,4.12.2,0.48.4,5.0.0,2.11.0+cu128,50414c3,10,False,,"(9, 6, 2)",2026-08-29T16:30:44+00:00,3.4343
a1_refine_scaling,71,triangles,icosphere,2500000,2500000,1,15,True,0,2,False,240.0,30.2429,1927.7,1250002,2500000,1250002,2500000,1.0,True,30.197,ok,2.6647,1.433,2.4265,20.2075,12th Gen Intel(R) Core(TM) i7-1255U,12,15.68,Windows-10-10.0.26200-SP0,3.11.15,1.26.4,1.17.1,4.12.2,0.48.4,5.0.0,2.11.0+cu128,50414c3,10,False,,"(9, 6, 2)",2026-08-29T16:30:44+00:00,3.4653
a1_refine_scaling,72,triangles,pointmap_sheet,50000,50000,1,0,False,0,0,True,240.0,0.1252,1927.7,25220,50000,25220,50000,1.0,,0.1196,ok,0.0406,0.0001,0.0,0.0789,12th Gen Intel(R) Core(TM) i7-1255U,12,15.68,Windows-10-10.0.26200-SP0,3.11.15,1.26.4,1.17.1,4.12.2,0.48.4,5.0.0,2.11.0+cu128,50414c3,10,False,,"(9, 6, 2)",2026-08-29T16:30:44+00:00,
a1_refine_scaling,73,triangles,pointmap_sheet,50000,50000,1,0,False,0,1,True,240.0,0.1331,1927.7,25220,50000,25220,50000,1.0,,0.1314,ok,0.0449,0.0001,0.0,0.0864,12th Gen Intel(R) Core(TM) i7-1255U,12,15.68,Windows-10-10.0.26200-SP0,3.11.15,1.26.4,1.17.1,4.12.2,0.48.4,5.0.0,2.11.0+cu128,50414c3,10,False,,"(9, 6, 2)",2026-08-29T16:30:44+00:00,
a1_refine_scaling,74,triangles,pointmap_sheet,50000,50000,1,0,False,0,2,True,240.0,0.1605,1927.7,25220,50000,25220,50000,1.0,,0.1587,ok,0.0481,0.0001,0.0,0.1105,12th Gen Intel(R) Core(TM) i7-1255U,12,15.68,Windows-10-10.0.26200-SP0,3.11.15,1.26.4,1.17.1,4.12.2,0.48.4,5.0.0,2.11.0+cu128,50414c3,10,False,,"(9, 6, 2)",2026-08-29T16:30:44+00:00,
a1_refine_scaling,75,triangles,pointmap_sheet,100000,100000,1,0,False,0,0,True,240.0,0.2758,1927.7,50244,100000,50244,100000,1.0,,0.2732,ok,0.0917,0.0001,0.0,0.1814,12th Gen Intel(R) Core(TM) i7-1255U,12,15.68,Windows-10-10.0.26200-SP0,3.11.15,1.26.4,1.17.1,4.12.2,0.48.4,5.0.0,2.11.0+cu128,50414c3,10,False,,"(9, 6, 2)",2026-08-29T16:30:44+00:00,
a1_refine_scaling,76,triangles,pointmap_sheet,100000,100000,1,0,False,0,1,True,240.0,0.2905,1927.7,50244,100000,50244,100000,1.0,,0.2877,ok,0.096,0.0001,0.0,0.1916,12th Gen Intel(R) Core(TM) i7-1255U,12,15.68,Windows-10-10.0.26200-SP0,3.11.15,1.26.4,1.17.1,4.12.2,0.48.4,5.0.0,2.11.0+cu128,50414c3,10,False,,"(9, 6, 2)",2026-08-29T16:30:44+00:00,
a1_refine_scaling,77,triangles,pointmap_sheet,100000,100000,1,0,False,0,2,True,240.0,0.2724,1927.7,50244,100000,50244,100000,1.0,,0.2699,ok,0.0834,0.0001,0.0,0.1864,12th Gen Intel(R) Core(TM) i7-1255U,12,15.68,Windows-10-10.0.26200-SP0,3.11.15,1.26.4,1.17.1,4.12.2,0.48.4,5.0.0,2.11.0+cu128,50414c3,10,False,,"(9, 6, 2)",2026-08-29T16:30:44+00:00,
a1_refine_scaling,78,triangles,pointmap_sheet,250000,250000,1,0,False,0,0,True,240.0,1.0009,1927.7,125262,249999,125262,249999,1.0,,0.9977,ok,0.2602,0.0001,0.0,0.7374,12th Gen Intel(R) Core(TM) i7-1255U,12,15.68,Windows-10-10.0.26200-SP0,3.11.15,1.26.4,1.17.1,4.12.2,0.48.4,5.0.0,2.11.0+cu128,50414c3,10,False,,"(9, 6, 2)",2026-08-29T16:30:44+00:00,
a1_refine_scaling,79,triangles,pointmap_sheet,250000,250000,1,0,False,0,1,True,240.0,0.9795,1927.7,125262,249999,125262,249999,1.0,,0.9757,ok,0.2476,0.0001,0.0,0.728,12th Gen Intel(R) Core(TM) i7-1255U,12,15.68,Windows-10-10.0.26200-SP0,3.11.15,1.26.4,1.17.1,4.12.2,0.48.4,5.0.0,2.11.0+cu128,50414c3,10,False,,"(9, 6, 2)",2026-08-29T16:30:44+00:00,
a1_refine_scaling,80,triangles,pointmap_sheet,250000,250000,1,0,False,0,2,True,240.0,0.8936,1927.7,125262,249999,125262,249999,1.0,,0.8902,ok,0.2674,0.0002,0.0,0.6226,12th Gen Intel(R) Core(TM) i7-1255U,12,15.68,Windows-10-10.0.26200-SP0,3.11.15,1.26.4,1.17.1,4.12.2,0.48.4,5.0.0,2.11.0+cu128,50414c3,10,False,,"(9, 6, 2)",2026-08-29T16:30:44+00:00,
a1_refine_scaling,81,triangles,pointmap_sheet,500000,500000,1,0,False,0,0,True,240.0,2.0332,1927.7,250389,499999,250389,499999,1.0,,2.0277,ok,0.5007,0.0002,0.0,1.5268,12th Gen Intel(R) Core(TM) i7-1255U,12,15.68,Windows-10-10.0.26200-SP0,3.11.15,1.26.4,1.17.1,4.12.2,0.48.4,5.0.0,2.11.0+cu128,50414c3,10,False,,"(9, 6, 2)",2026-08-29T16:30:44+00:00,
a1_refine_scaling,82,triangles,pointmap_sheet,500000,500000,1,0,False,0,1,True,240.0,1.8566,1927.7,250389,499999,250389,499999,1.0,,1.8519,ok,0.4504,0.0002,0.0,1.4013,12th Gen Intel(R) Core(TM) i7-1255U,12,15.68,Windows-10-10.0.26200-SP0,3.11.15,1.26.4,1.17.1,4.12.2,0.48.4,5.0.0,2.11.0+cu128,50414c3,10,False,,"(9, 6, 2)",2026-08-29T16:30:44+00:00,
a1_refine_scaling,83,triangles,pointmap_sheet,500000,500000,1,0,False,0,2,True,240.0,1.8846,1927.7,250389,499999,250389,499999,1.0,,1.8797,ok,0.4304,0.0001,0.0,1.4492,12th Gen Intel(R) Core(TM) i7-1255U,12,15.68,Windows-10-10.0.26200-SP0,3.11.15,1.26.4,1.17.1,4.12.2,0.48.4,5.0.0,2.11.0+cu128,50414c3,10,False,,"(9, 6, 2)",2026-08-29T16:30:44+00:00,
a1_refine_scaling,84,triangles,pointmap_sheet,1000000,1000000,1,0,False,0,0,True,240.0,5.5223,1927.7,500466,999999,500466,999999,1.0,,5.5136,ok,0.9605,0.0002,0.0,4.5529,12th Gen Intel(R) Core(TM) i7-1255U,12,15.68,Windows-10-10.0.26200-SP0,3.11.15,1.26.4,1.17.1,4.12.2,0.48.4,5.0.0,2.11.0+cu128,50414c3,10,False,,"(9, 6, 2)",2026-08-29T16:30:44+00:00,
a1_refine_scaling,85,triangles,pointmap_sheet,1000000,1000000,1,0,False,0,1,True,240.0,5.7875,1927.7,500466,999999,500466,999999,1.0,,5.7783,ok,0.9728,0.0002,0.0,4.8053,12th Gen Intel(R) Core(TM) i7-1255U,12,15.68,Windows-10-10.0.26200-SP0,3.11.15,1.26.4,1.17.1,4.12.2,0.48.4,5.0.0,2.11.0+cu128,50414c3,10,False,,"(9, 6, 2)",2026-08-29T16:30:44+00:00,
a1_refine_scaling,86,triangles,pointmap_sheet,1000000,1000000,1,0,False,0,2,True,240.0,5.4757,1927.7,500466,999999,500466,999999,1.0,,5.4645,ok,1.0008,0.0002,0.0,4.4635,12th Gen Intel(R) Core(TM) i7-1255U,12,15.68,Windows-10-10.0.26200-SP0,3.11.15,1.26.4,1.17.1,4.12.2,0.48.4,5.0.0,2.11.0+cu128,50414c3,10,False,,"(9, 6, 2)",2026-08-29T16:30:44+00:00,
a1_refine_scaling,87,triangles,pointmap_sheet,2500000,2500000,1,0,False,0,0,True,240.0,24.4596,2019.2,1250599,2499999,1250599,2499999,1.0,,24.4201,ok,2.5745,0.0003,0.0,21.8453,12th Gen Intel(R) Core(TM) i7-1255U,12,15.68,Windows-10-10.0.26200-SP0,3.11.15,1.26.4,1.17.1,4.12.2,0.48.4,5.0.0,2.11.0+cu128,50414c3,10,False,,"(9, 6, 2)",2026-08-29T16:30:44+00:00,
a1_refine_scaling,88,triangles,pointmap_sheet,2500000,2500000,1,0,False,0,1,True,240.0,24.3326,2019.2,1250599,2499999,1250599,2499999,1.0,,24.3131,ok,2.5847,0.0002,0.0,21.7282,12th Gen Intel(R) Core(TM) i7-1255U,12,15.68,Windows-10-10.0.26200-SP0,3.11.15,1.26.4,1.17.1,4.12.2,0.48.4,5.0.0,2.11.0+cu128,50414c3,10,False,,"(9, 6, 2)",2026-08-29T16:30:44+00:00,
a1_refine_scaling,89,triangles,pointmap_sheet,2500000,2500000,1,0,False,0,2,True,240.0,24.5342,2019.2,1250599,2499999,1250599,2499999,1.0,,24.5079,ok,2.5488,0.0002,0.0,21.9589,12th Gen Intel(R) Core(TM) i7-1255U,12,15.68,Windows-10-10.0.26200-SP0,3.11.15,1.26.4,1.17.1,4.12.2,0.48.4,5.0.0,2.11.0+cu128,50414c3,10,False,,"(9, 6, 2)",2026-08-29T16:30:44+00:00,
a1_refine_scaling,90,triangles,pointmap_sheet,50000,50000,1,0,True,0,0,True,240.0,0.1935,2019.2,25220,50000,25220,50000,1.0,False,0.1913,ok,0.0426,0.0001,0.0,0.0823,12th Gen Intel(R) Core(TM) i7-1255U,12,15.68,Windows-10-10.0.26200-SP0,3.11.15,1.26.4,1.17.1,4.12.2,0.48.4,5.0.0,2.11.0+cu128,50414c3,10,False,,"(9, 6, 2)",2026-08-29T16:30:44+00:00,0.0663
a1_refine_scaling,91,triangles,pointmap_sheet,50000,50000,1,0,True,0,1,True,240.0,0.2022,2019.2,25220,50000,25220,50000,1.0,False,0.2,ok,0.0602,0.0001,0.0,0.0831,12th Gen Intel(R) Core(TM) i7-1255U,12,15.68,Windows-10-10.0.26200-SP0,3.11.15,1.26.4,1.17.1,4.12.2,0.48.4,5.0.0,2.11.0+cu128,50414c3,10,False,,"(9, 6, 2)",2026-08-29T16:30:44+00:00,0.0566
a1_refine_scaling,92,triangles,pointmap_sheet,50000,50000,1,0,True,0,2,True,240.0,0.2017,2019.2,25220,50000,25220,50000,1.0,False,0.1999,ok,0.0475,0.0001,0.0,0.095,12th Gen Intel(R) Core(TM) i7-1255U,12,15.68,Windows-10-10.0.26200-SP0,3.11.15,1.26.4,1.17.1,4.12.2,0.48.4,5.0.0,2.11.0+cu128,50414c3,10,False,,"(9, 6, 2)",2026-08-29T16:30:44+00:00,0.0573
a1_refine_scaling,93,triangles,pointmap_sheet,100000,100000,1,0,True,0,0,True,240.0,0.3765,2019.2,50244,100000,50244,100000,1.0,False,0.3736,ok,0.09,0.0001,0.0,0.1807,12th Gen Intel(R) Core(TM) i7-1255U,12,15.68,Windows-10-10.0.26200-SP0,3.11.15,1.26.4,1.17.1,4.12.2,0.48.4,5.0.0,2.11.0+cu128,50414c3,10,False,,"(9, 6, 2)",2026-08-29T16:30:44+00:00,0.1028
a1_refine_scaling,94,triangles,pointmap_sheet,100000,100000,1,0,True,0,1,True,240.0,0.3639,2019.2,50244,100000,50244,100000,1.0,False,0.3613,ok,0.0781,0.0002,0.0,0.188,12th Gen Intel(R) Core(TM) i7-1255U,12,15.68,Windows-10-10.0.26200-SP0,3.11.15,1.26.4,1.17.1,4.12.2,0.48.4,5.0.0,2.11.0+cu128,50414c3,10,False,,"(9, 6, 2)",2026-08-29T16:30:44+00:00,0.095
a1_refine_scaling,95,triangles,pointmap_sheet,100000,100000,1,0,True,0,2,True,240.0,0.3701,2019.2,50244,100000,50244,100000,1.0,False,0.3679,ok,0.0777,0.0001,0.0,0.1856,12th Gen Intel(R) Core(TM) i7-1255U,12,15.68,Windows-10-10.0.26200-SP0,3.11.15,1.26.4,1.17.1,4.12.2,0.48.4,5.0.0,2.11.0+cu128,50414c3,10,False,,"(9, 6, 2)",2026-08-29T16:30:44+00:00,0.1045
a1_refine_scaling,96,triangles,pointmap_sheet,250000,250000,1,0,True,0,0,True,240.0,1.2083,2019.2,125262,249999,125262,249999,1.0,False,1.2039,ok,0.2404,0.0001,0.0,0.6275,12th Gen Intel(R) Core(TM) i7-1255U,12,15.68,Windows-10-10.0.26200-SP0,3.11.15,1.26.4,1.17.1,4.12.2,0.48.4,5.0.0,2.11.0+cu128,50414c3,10,False,,"(9, 6, 2)",2026-08-29T16:30:44+00:00,0.3359
a1_refine_scaling,97,triangles,pointmap_sheet,250000,250000,1,0,True,0,1,True,240.0,1.1729,2019.2,125262,249999,125262,249999,1.0,False,1.1681,ok,0.2431,0.0001,0.0,0.6417,12th Gen Intel(R) Core(TM) i7-1255U,12,15.68,Windows-10-10.0.26200-SP0,3.11.15,1.26.4,1.17.1,4.12.2,0.48.4,5.0.0,2.11.0+cu128,50414c3,10,False,,"(9, 6, 2)",2026-08-29T16:30:44+00:00,0.2832
a1_refine_scaling,98,triangles,pointmap_sheet,250000,250000,1,0,True,0,2,True,240.0,1.1557,2019.2,125262,249999,125262,249999,1.0,False,1.1524,ok,0.2454,0.0001,0.0,0.5935,12th Gen Intel(R) Core(TM) i7-1255U,12,15.68,Windows-10-10.0.26200-SP0,3.11.15,1.26.4,1.17.1,4.12.2,0.48.4,5.0.0,2.11.0+cu128,50414c3,10,False,,"(9, 6, 2)",2026-08-29T16:30:44+00:00,0.3134
a1_refine_scaling,99,triangles,pointmap_sheet,500000,500000,1,0,True,0,0,True,240.0,2.425,2019.2,250389,499999,250389,499999,1.0,False,2.4199,ok,0.3909,0.0002,0.0,1.4445,12th Gen Intel(R) Core(TM) i7-1255U,12,15.68,Windows-10-10.0.26200-SP0,3.11.15,1.26.4,1.17.1,4.12.2,0.48.4,5.0.0,2.11.0+cu128,50414c3,10,False,,"(9, 6, 2)",2026-08-29T16:30:44+00:00,0.5843
a1_refine_scaling,100,triangles,pointmap_sheet,500000,500000,1,0,True,0,1,True,240.0,2.406,2019.2,250389,499999,250389,499999,1.0,False,2.4006,ok,0.4593,0.0001,0.0,1.4674,12th Gen Intel(R) Core(TM) i7-1255U,12,15.68,Windows-10-10.0.26200-SP0,3.11.15,1.26.4,1.17.1,4.12.2,0.48.4,5.0.0,2.11.0+cu128,50414c3,10,False,,"(9, 6, 2)",2026-08-29T16:30:44+00:00,0.4738
a1_refine_scaling,101,triangles,pointmap_sheet,500000,500000,1,0,True,0,2,True,240.0,2.4876,2019.2,250389,499999,250389,499999,1.0,False,2.4823,ok,0.4525,0.0001,0.0,1.5212,12th Gen Intel(R) Core(TM) i7-1255U,12,15.68,Windows-10-10.0.26200-SP0,3.11.15,1.26.4,1.17.1,4.12.2,0.48.4,5.0.0,2.11.0+cu128,50414c3,10,False,,"(9, 6, 2)",2026-08-29T16:30:44+00:00,0.5085
a1_refine_scaling,102,triangles,pointmap_sheet,1000000,1000000,1,0,True,0,0,True,240.0,6.6819,2019.2,500466,999999,500466,999999,1.0,False,6.6697,ok,1.0357,0.0001,0.0,4.3722,12th Gen Intel(R) Core(TM) i7-1255U,12,15.68,Windows-10-10.0.26200-SP0,3.11.15,1.26.4,1.17.1,4.12.2,0.48.4,5.0.0,2.11.0+cu128,50414c3,10,False,,"(9, 6, 2)",2026-08-29T16:30:44+00:00,1.2617
a1_refine_scaling,103,triangles,pointmap_sheet,1000000,1000000,1,0,True,0,1,True,240.0,6.6351,2019.2,500466,999999,500466,999999,1.0,False,6.6231,ok,0.9558,0.0002,0.0,4.3407,12th Gen Intel(R) Core(TM) i7-1255U,12,15.68,Windows-10-10.0.26200-SP0,3.11.15,1.26.4,1.17.1,4.12.2,0.48.4,5.0.0,2.11.0+cu128,50414c3,10,False,,"(9, 6, 2)",2026-08-29T16:30:44+00:00,1.3264
a1_refine_scaling,104,triangles,pointmap_sheet,1000000,1000000,1,0,True,0,2,True,240.0,6.698,2019.2,500466,999999,500466,999999,1.0,False,6.6873,ok,0.9975,0.0001,0.0,4.4439,12th Gen Intel(R) Core(TM) i7-1255U,12,15.68,Windows-10-10.0.26200-SP0,3.11.15,1.26.4,1.17.1,4.12.2,0.48.4,5.0.0,2.11.0+cu128,50414c3,10,False,,"(9, 6, 2)",2026-08-29T16:30:44+00:00,1.2458
a1_refine_scaling,105,triangles,pointmap_sheet,2500000,2500000,1,0,True,0,0,True,240.0,28.6158,2019.2,1250599,2499999,1250599,2499999,1.0,False,28.5912,ok,2.558,0.0001,0.0,22.5635,12th Gen Intel(R) Core(TM) i7-1255U,12,15.68,Windows-10-10.0.26200-SP0,3.11.15,1.26.4,1.17.1,4.12.2,0.48.4,5.0.0,2.11.0+cu128,50414c3,10,False,,"(9, 6, 2)",2026-08-29T16:30:44+00:00,3.4696
a1_refine_scaling,106,triangles,pointmap_sheet,2500000,2500000,1,0,True,0,1,True,240.0,28.4789,2019.2,1250599,2499999,1250599,2499999,1.0,False,28.459,ok,2.6114,0.0001,0.0,22.4448,12th Gen Intel(R) Core(TM) i7-1255U,12,15.68,Windows-10-10.0.26200-SP0,3.11.15,1.26.4,1.17.1,4.12.2,0.48.4,5.0.0,2.11.0+cu128,50414c3,10,False,,"(9, 6, 2)",2026-08-29T16:30:44+00:00,3.4027
a1_refine_scaling,107,triangles,pointmap_sheet,2500000,2500000,1,0,True,0,2,True,240.0,28.4335,2019.2,1250599,2499999,1250599,2499999,1.0,False,28.4133,ok,2.6071,0.0001,0.0,22.1413,12th Gen Intel(R) Core(TM) i7-1255U,12,15.68,Windows-10-10.0.26200-SP0,3.11.15,1.26.4,1.17.1,4.12.2,0.48.4,5.0.0,2.11.0+cu128,50414c3,10,False,,"(9, 6, 2)",2026-08-29T16:30:44+00:00,3.6648
a1_refine_scaling,108,triangles,pointmap_sheet,50000,50000,1,15,False,0,0,True,240.0,0.2203,2019.2,25220,50000,25220,50000,1.0,,0.2176,ok,0.045,0.0001,0.0585,0.114,12th Gen Intel(R) Core(TM) i7-1255U,12,15.68,Windows-10-10.0.26200-SP0,3.11.15,1.26.4,1.17.1,4.12.2,0.48.4,5.0.0,2.11.0+cu128,50414c3,10,False,,"(9, 6, 2)",2026-08-29T16:30:44+00:00,
a1_refine_scaling,109,triangles,pointmap_sheet,50000,50000,1,15,False,0,1,True,240.0,0.2074,2019.2,25220,50000,25220,50000,1.0,,0.205,ok,0.0487,0.0003,0.0578,0.0982,12th Gen Intel(R) Core(TM) i7-1255U,12,15.68,Windows-10-10.0.26200-SP0,3.11.15,1.26.4,1.17.1,4.12.2,0.48.4,5.0.0,2.11.0+cu128,50414c3,10,False,,"(9, 6, 2)",2026-08-29T16:30:44+00:00,
a1_refine_scaling,110,triangles,pointmap_sheet,50000,50000,1,15,False,0,2,True,240.0,0.1934,2019.2,25220,50000,25220,50000,1.0,,0.1909,ok,0.0437,0.0001,0.0422,0.1049,12th Gen Intel(R) Core(TM) i7-1255U,12,15.68,Windows-10-10.0.26200-SP0,3.11.15,1.26.4,1.17.1,4.12.2,0.48.4,5.0.0,2.11.0+cu128,50414c3,10,False,,"(9, 6, 2)",2026-08-29T16:30:44+00:00,
a1_refine_scaling,111,triangles,pointmap_sheet,100000,100000,1,15,False,0,0,True,240.0,0.4087,2019.2,50244,100000,50244,100000,1.0,,0.4053,ok,0.1237,0.0002,0.1059,0.1755,12th Gen Intel(R) Core(TM) i7-1255U,12,15.68,Windows-10-10.0.26200-SP0,3.11.15,1.26.4,1.17.1,4.12.2,0.48.4,5.0.0,2.11.0+cu128,50414c3,10,False,,"(9, 6, 2)",2026-08-29T16:30:44+00:00,
a1_refine_scaling,112,triangles,pointmap_sheet,100000,100000,1,15,False,0,1,True,240.0,0.3924,2019.2,50244,100000,50244,100000,1.0,,0.3898,ok,0.0957,0.0002,0.1082,0.1857,12th Gen Intel(R) Core(TM) i7-1255U,12,15.68,Windows-10-10.0.26200-SP0,3.11.15,1.26.4,1.17.1,4.12.2,0.48.4,5.0.0,2.11.0+cu128,50414c3,10,False,,"(9, 6, 2)",2026-08-29T16:30:44+00:00,
a1_refine_scaling,113,triangles,pointmap_sheet,100000,100000,1,15,False,0,2,True,240.0,0.3761,2019.2,50244,100000,50244,100000,1.0,,0.3738,ok,0.0796,0.0001,0.0872,0.2069,12th Gen Intel(R) Core(TM) i7-1255U,12,15.68,Windows-10-10.0.26200-SP0,3.11.15,1.26.4,1.17.1,4.12.2,0.48.4,5.0.0,2.11.0+cu128,50414c3,10,False,,"(9, 6, 2)",2026-08-29T16:30:44+00:00,
a1_refine_scaling,114,triangles,pointmap_sheet,250000,250000,1,15,False,0,0,True,240.0,1.0825,2019.2,125262,249999,125262,249999,1.0,,1.0787,ok,0.2438,0.0001,0.2409,0.5939,12th Gen Intel(R) Core(TM) i7-1255U,12,15.68,Windows-10-10.0.26200-SP0,3.11.15,1.26.4,1.17.1,4.12.2,0.48.4,5.0.0,2.11.0+cu128,50414c3,10,False,,"(9, 6, 2)",2026-08-29T16:30:44+00:00,
a1_refine_scaling,115,triangles,pointmap_sheet,250000,250000,1,15,False,0,1,True,240.0,1.0969,2019.2,125262,249999,125262,249999,1.0,,1.0925,ok,0.2281,0.0001,0.2709,0.5934,12th Gen Intel(R) Core(TM) i7-1255U,12,15.68,Windows-10-10.0.26200-SP0,3.11.15,1.26.4,1.17.1,4.12.2,0.48.4,5.0.0,2.11.0+cu128,50414c3,10,False,,"(9, 6, 2)",2026-08-29T16:30:44+00:00,
a1_refine_scaling,116,triangles,pointmap_sheet,250000,250000,1,15,False,0,2,True,240.0,1.0963,2019.2,125262,249999,125262,249999,1.0,,1.0925,ok,0.261,0.0001,0.2354,0.596,12th Gen Intel(R) Core(TM) i7-1255U,12,15.68,Windows-10-10.0.26200-SP0,3.11.15,1.26.4,1.17.1,4.12.2,0.48.4,5.0.0,2.11.0+cu128,50414c3,10,False,,"(9, 6, 2)",2026-08-29T16:30:44+00:00,
a1_refine_scaling,117,triangles,pointmap_sheet,500000,500000,1,15,False,0,0,True,240.0,2.3134,2019.2,250389,499999,250389,499999,1.0,,2.3083,ok,0.4639,0.0002,0.4368,1.4074,12th Gen Intel(R) Core(TM) i7-1255U,12,15.68,Windows-10-10.0.26200-SP0,3.11.15,1.26.4,1.17.1,4.12.2,0.48.4,5.0.0,2.11.0+cu128,50414c3,10,False,,"(9, 6, 2)",2026-08-29T16:30:44+00:00,
a1_refine_scaling,118,triangles,pointmap_sheet,500000,500000,1,15,False,0,1,True,240.0,2.339,2019.2,250389,499999,250389,499999,1.0,,2.3334,ok,0.4245,0.0002,0.4502,1.4585,12th Gen Intel(R) Core(TM) i7-1255U,12,15.68,Windows-10-10.0.26200-SP0,3.11.15,1.26.4,1.17.1,4.12.2,0.48.4,5.0.0,2.11.0+cu128,50414c3,10,False,,"(9, 6, 2)",2026-08-29T16:30:44+00:00,
a1_refine_scaling,119,triangles,pointmap_sheet,500000,500000,1,15,False,0,2,True,240.0,2.4156,2019.2,250389,499999,250389,499999,1.0,,2.407,ok,0.4749,0.0001,0.418,1.514,12th Gen Intel(R) Core(TM) i7-1255U,12,15.68,Windows-10-10.0.26200-SP0,3.11.15,1.26.4,1.17.1,4.12.2,0.48.4,5.0.0,2.11.0+cu128,50414c3,10,False,,"(9, 6, 2)",2026-08-29T16:30:44+00:00,
a1_refine_scaling,120,triangles,pointmap_sheet,1000000,1000000,1,15,False,0,0,True,240.0,6.5862,2019.2,500466,999999,500466,999999,1.0,,6.5756,ok,0.9073,0.0001,1.0263,4.6419,12th Gen Intel(R) Core(TM) i7-1255U,12,15.68,Windows-10-10.0.26200-SP0,3.11.15,1.26.4,1.17.1,4.12.2,0.48.4,5.0.0,2.11.0+cu128,50414c3,10,False,,"(9, 6, 2)",2026-08-29T16:30:44+00:00,
a1_refine_scaling,121,triangles,pointmap_sheet,1000000,1000000,1,15,False,0,1,True,240.0,6.4578,2019.2,500466,999999,500466,999999,1.0,,6.4478,ok,0.9795,0.0002,1.0203,4.4478,12th Gen Intel(R) Core(TM) i7-1255U,12,15.68,Windows-10-10.0.26200-SP0,3.11.15,1.26.4,1.17.1,4.12.2,0.48.4,5.0.0,2.11.0+cu128,50414c3,10,False,,"(9, 6, 2)",2026-08-29T16:30:44+00:00,
a1_refine_scaling,122,triangles,pointmap_sheet,1000000,1000000,1,15,False,0,2,True,240.0,6.5774,2019.2,500466,999999,500466,999999,1.0,,6.5683,ok,0.9544,0.0001,0.9765,4.6373,12th Gen Intel(R) Core(TM) i7-1255U,12,15.68,Windows-10-10.0.26200-SP0,3.11.15,1.26.4,1.17.1,4.12.2,0.48.4,5.0.0,2.11.0+cu128,50414c3,10,False,,"(9, 6, 2)",2026-08-29T16:30:44+00:00,
a1_refine_scaling,123,triangles,pointmap_sheet,2500000,2500000,1,15,False,0,0,True,240.0,28.1163,2019.2,1250599,2499999,1250596,2499999,1.0,,28.0619,ok,2.9265,0.0001,2.6002,22.5351,12th Gen Intel(R) Core(TM) i7-1255U,12,15.68,Windows-10-10.0.26200-SP0,3.11.15,1.26.4,1.17.1,4.12.2,0.48.4,5.0.0,2.11.0+cu128,50414c3,10,False,,"(9, 6, 2)",2026-08-29T16:30:44+00:00,
a1_refine_scaling,124,triangles,pointmap_sheet,2500000,2500000,1,15,False,0,1,True,240.0,28.6708,2019.2,1250599,2499999,1250596,2499999,1.0,,28.6354,ok,2.5825,0.0001,2.696,23.3568,12th Gen Intel(R) Core(TM) i7-1255U,12,15.68,Windows-10-10.0.26200-SP0,3.11.15,1.26.4,1.17.1,4.12.2,0.48.4,5.0.0,2.11.0+cu128,50414c3,10,False,,"(9, 6, 2)",2026-08-29T16:30:44+00:00,
a1_refine_scaling,125,triangles,pointmap_sheet,2500000,2500000,1,15,False,0,2,True,240.0,28.1276,2019.2,1250599,2499999,1250596,2499999,1.0,,28.0948,ok,2.7229,0.0002,2.7115,22.6602,12th Gen Intel(R) Core(TM) i7-1255U,12,15.68,Windows-10-10.0.26200-SP0,3.11.15,1.26.4,1.17.1,4.12.2,0.48.4,5.0.0,2.11.0+cu128,50414c3,10,False,,"(9, 6, 2)",2026-08-29T16:30:44+00:00,
a1_refine_scaling,126,triangles,pointmap_sheet,50000,50000,1,15,True,0,0,True,240.0,0.2712,2019.2,25220,50000,25220,50000,1.0,False,0.2691,ok,0.0426,0.0001,0.0445,0.1111,12th Gen Intel(R) Core(TM) i7-1255U,12,15.68,Windows-10-10.0.26200-SP0,3.11.15,1.26.4,1.17.1,4.12.2,0.48.4,5.0.0,2.11.0+cu128,50414c3,10,False,,"(9, 6, 2)",2026-08-29T16:30:44+00:00,0.0708
a1_refine_scaling,127,triangles,pointmap_sheet,50000,50000,1,15,True,0,1,True,240.0,0.277,2019.2,25220,50000,25220,50000,1.0,False,0.2748,ok,0.0491,0.0001,0.0517,0.1038,12th Gen Intel(R) Core(TM) i7-1255U,12,15.68,Windows-10-10.0.26200-SP0,3.11.15,1.26.4,1.17.1,4.12.2,0.48.4,5.0.0,2.11.0+cu128,50414c3,10,False,,"(9, 6, 2)",2026-08-29T16:30:44+00:00,0.0701
a1_refine_scaling,128,triangles,pointmap_sheet,50000,50000,1,15,True,0,2,True,240.0,0.2543,2019.2,25220,50000,25220,50000,1.0,False,0.2523,ok,0.0428,0.0001,0.0468,0.085,12th Gen Intel(R) Core(TM) i7-1255U,12,15.68,Windows-10-10.0.26200-SP0,3.11.15,1.26.4,1.17.1,4.12.2,0.48.4,5.0.0,2.11.0+cu128,50414c3,10,False,,"(9, 6, 2)",2026-08-29T16:30:44+00:00,0.0776
a1_refine_scaling,129,triangles,pointmap_sheet,100000,100000,1,15,True,0,0,True,240.0,0.4968,2019.2,50244,100000,50244,100000,1.0,False,0.494,ok,0.0933,0.0001,0.1182,0.1863,12th Gen Intel(R) Core(TM) i7-1255U,12,15.68,Windows-10-10.0.26200-SP0,3.11.15,1.26.4,1.17.1,4.12.2,0.48.4,5.0.0,2.11.0+cu128,50414c3,10,False,,"(9, 6, 2)",2026-08-29T16:30:44+00:00,0.0961
a1_refine_scaling,130,triangles,pointmap_sheet,100000,100000,1,15,True,0,1,True,240.0,0.4881,2019.2,50244,100000,50244,100000,1.0,False,0.4857,ok,0.0855,0.0001,0.0951,0.2012,12th Gen Intel(R) Core(TM) i7-1255U,12,15.68,Windows-10-10.0.26200-SP0,3.11.15,1.26.4,1.17.1,4.12.2,0.48.4,5.0.0,2.11.0+cu128,50414c3,10,False,,"(9, 6, 2)",2026-08-29T16:30:44+00:00,0.1038
a1_refine_scaling,131,triangles,pointmap_sheet,100000,100000,1,15,True,0,2,True,240.0,0.5036,2019.2,50244,100000,50244,100000,1.0,False,0.5009,ok,0.0857,0.0001,0.1127,0.1895,12th Gen Intel(R) Core(TM) i7-1255U,12,15.68,Windows-10-10.0.26200-SP0,3.11.15,1.26.4,1.17.1,4.12.2,0.48.4,5.0.0,2.11.0+cu128,50414c3,10,False,,"(9, 6, 2)",2026-08-29T16:30:44+00:00,0.1129
a1_refine_scaling,132,triangles,pointmap_sheet,250000,250000,1,15,True,0,0,True,240.0,1.6156,2019.2,125262,249999,125262,249999,1.0,False,1.6105,ok,0.3636,0.0001,0.2527,0.6354,12th Gen Intel(R) Core(TM) i7-1255U,12,15.68,Windows-10-10.0.26200-SP0,3.11.15,1.26.4,1.17.1,4.12.2,0.48.4,5.0.0,2.11.0+cu128,50414c3,10,False,,"(9, 6, 2)",2026-08-29T16:30:44+00:00,0.3587
a1_refine_scaling,133,triangles,pointmap_sheet,250000,250000,1,15,True,0,1,True,240.0,1.3928,2019.2,125262,249999,125262,249999,1.0,False,1.3882,ok,0.2114,0.0001,0.2229,0.6423,12th Gen Intel(R) Core(TM) i7-1255U,12,15.68,Windows-10-10.0.26200-SP0,3.11.15,1.26.4,1.17.1,4.12.2,0.48.4,5.0.0,2.11.0+cu128,50414c3,10,False,,"(9, 6, 2)",2026-08-29T16:30:44+00:00,0.3115
a1_refine_scaling,134,triangles,pointmap_sheet,250000,250000,1,15,True,0,2,True,240.0,1.4478,2019.2,125262,249999,125262,249999,1.0,False,1.4439,ok,0.2427,0.0002,0.2241,0.6631,12th Gen Intel(R) Core(TM) i7-1255U,12,15.68,Windows-10-10.0.26200-SP0,3.11.15,1.26.4,1.17.1,4.12.2,0.48.4,5.0.0,2.11.0+cu128,50414c3,10,False,,"(9, 6, 2)",2026-08-29T16:30:44+00:00,0.3138
a1_refine_scaling,135,triangles,pointmap_sheet,500000,500000,1,15,True,0,0,True,240.0,2.9191,2019.2,250389,499999,250389,499999,1.0,False,2.9065,ok,0.4184,0.0003,0.4747,1.5342,12th Gen Intel(R) Core(TM) i7-1255U,12,15.68,Windows-10-10.0.26200-SP0,3.11.15,1.26.4,1.17.1,4.12.2,0.48.4,5.0.0,2.11.0+cu128,50414c3,10,False,,"(9, 6, 2)",2026-08-29T16:30:44+00:00,0.4789
a1_refine_scaling,136,triangles,pointmap_sheet,500000,500000,1,15,True,0,1,True,240.0,3.0124,2019.2,250389,499999,250389,499999,1.0,False,3.0051,ok,0.4822,0.0001,0.4425,1.5745,12th Gen Intel(R) Core(TM) i7-1255U,12,15.68,Windows-10-10.0.26200-SP0,3.11.15,1.26.4,1.17.1,4.12.2,0.48.4,5.0.0,2.11.0+cu128,50414c3,10,False,,"(9, 6, 2)",2026-08-29T16:30:44+00:00,0.5058
a1_refine_scaling,137,triangles,pointmap_sheet,500000,500000,1,15,True,0,2,True,240.0,2.8941,2019.2,250389,499999,250389,499999,1.0,False,2.8881,ok,0.4423,0.0002,0.495,1.4955,12th Gen Intel(R) Core(TM) i7-1255U,12,15.68,Windows-10-10.0.26200-SP0,3.11.15,1.26.4,1.17.1,4.12.2,0.48.4,5.0.0,2.11.0+cu128,50414c3,10,False,,"(9, 6, 2)",2026-08-29T16:30:44+00:00,0.4551
a1_refine_scaling,138,triangles,pointmap_sheet,1000000,1000000,1,15,True,0,0,True,240.0,7.7994,2019.2,500466,999999,500466,999999,1.0,False,7.7898,ok,0.847,0.0001,0.9401,4.7213,12th Gen Intel(R) Core(TM) i7-1255U,12,15.68,Windows-10-10.0.26200-SP0,3.11.15,1.26.4,1.17.1,4.12.2,0.48.4,5.0.0,2.11.0+cu128,50414c3,10,False,,"(9, 6, 2)",2026-08-29T16:30:44+00:00,1.2813
a1_refine_scaling,139,triangles,pointmap_sheet,1000000,1000000,1,15,True,0,1,True,240.0,7.6362,2019.2,500466,999999,500466,999999,1.0,False,7.6277,ok,0.9236,0.0001,0.9392,4.4537,12th Gen Intel(R) Core(TM) i7-1255U,12,15.68,Windows-10-10.0.26200-SP0,3.11.15,1.26.4,1.17.1,4.12.2,0.48.4,5.0.0,2.11.0+cu128,50414c3,10,False,,"(9, 6, 2)",2026-08-29T16:30:44+00:00,1.3111
a1_refine_scaling,140,triangles,pointmap_sheet,1000000,1000000,1,15,True,0,2,True,240.0,7.6267,2019.2,500466,999999,500466,999999,1.0,False,7.6135,ok,0.918,0.0002,0.8895,4.4687,12th Gen Intel(R) Core(TM) i7-1255U,12,15.68,Windows-10-10.0.26200-SP0,3.11.15,1.26.4,1.17.1,4.12.2,0.48.4,5.0.0,2.11.0+cu128,50414c3,10,False,,"(9, 6, 2)",2026-08-29T16:30:44+00:00,1.3371
a1_refine_scaling,141,triangles,pointmap_sheet,2500000,2500000,1,15,True,0,0,True,240.0,31.1891,2019.2,1250599,2499999,1250596,2499999,1.0,False,31.1541,ok,2.6386,0.0002,2.3252,22.5436,12th Gen Intel(R) Core(TM) i7-1255U,12,15.68,Windows-10-10.0.26200-SP0,3.11.15,1.26.4,1.17.1,4.12.2,0.48.4,5.0.0,2.11.0+cu128,50414c3,10,False,,"(9, 6, 2)",2026-08-29T16:30:44+00:00,3.6465
a1_refine_scaling,142,triangles,pointmap_sheet,2500000,2500000,1,15,True,0,1,True,240.0,32.0007,2019.2,1250599,2499999,1250596,2499999,1.0,False,31.9728,ok,2.6109,0.0002,2.4951,23.1169,12th Gen Intel(R) Core(TM) i7-1255U,12,15.68,Windows-10-10.0.26200-SP0,3.11.15,1.26.4,1.17.1,4.12.2,0.48.4,5.0.0,2.11.0+cu128,50414c3,10,False,,"(9, 6, 2)",2026-08-29T16:30:44+00:00,3.7497
a1_refine_scaling,143,triangles,pointmap_sheet,2500000,2500000,1,15,True,0,2,True,240.0,31.3336,2019.2,1250599,2499999,1250596,2499999,1.0,False,31.3037,ok,2.8399,0.0001,2.4089,22.2486,12th Gen Intel(R) Core(TM) i7-1255U,12,15.68,Windows-10-10.0.26200-SP0,3.11.15,1.26.4,1.17.1,4.12.2,0.48.4,5.0.0,2.11.0+cu128,50414c3,10,False,,"(9, 6, 2)",2026-08-29T16:30:44+00:00,3.8062
a1_refine_scaling,144,components,fragmented_icosphere,1,100000,1,0,False,0,0,False,240.0,0.3716,2019.2,50562,101120,50562,101120,1.0,,0.3674,ok,0.1471,0.0505,0.0,0.1698,12th Gen Intel(R) Core(TM) i7-1255U,12,15.68,Windows-10-10.0.26200-SP0,3.11.15,1.26.4,1.17.1,4.12.2,0.48.4,5.0.0,2.11.0+cu128,50414c3,10,False,,"(9, 6, 2)",2026-08-29T16:30:44+00:00,
a1_refine_scaling,145,components,fragmented_icosphere,1,100000,1,0,False,0,1,False,240.0,0.2909,2019.2,50562,101120,50562,101120,1.0,,0.2884,ok,0.082,0.0312,0.0,0.1752,12th Gen Intel(R) Core(TM) i7-1255U,12,15.68,Windows-10-10.0.26200-SP0,3.11.15,1.26.4,1.17.1,4.12.2,0.48.4,5.0.0,2.11.0+cu128,50414c3,10,False,,"(9, 6, 2)",2026-08-29T16:30:44+00:00,
a1_refine_scaling,146,components,fragmented_icosphere,1,100000,1,0,False,0,2,False,240.0,0.3227,2019.2,50562,101120,50562,101120,1.0,,0.32,ok,0.094,0.0325,0.0,0.1935,12th Gen Intel(R) Core(TM) i7-1255U,12,15.68,Windows-10-10.0.26200-SP0,3.11.15,1.26.4,1.17.1,4.12.2,0.48.4,5.0.0,2.11.0+cu128,50414c3,10,False,,"(9, 6, 2)",2026-08-29T16:30:44+00:00,
a1_refine_scaling,147,components,fragmented_icosphere,10,100000,10,0,False,0,0,False,240.0,0.5517,2019.2,48020,96000,48020,96000,1.0,,0.5477,ok,0.2005,0.0275,0.0,0.3197,12th Gen Intel(R) Core(TM) i7-1255U,12,15.68,Windows-10-10.0.26200-SP0,3.11.15,1.26.4,1.17.1,4.12.2,0.48.4,5.0.0,2.11.0+cu128,50414c3,10,False,,"(9, 6, 2)",2026-08-29T16:30:44+00:00,
a1_refine_scaling,148,components,fragmented_icosphere,10,100000,10,0,False,0,1,False,240.0,0.5642,2019.2,48020,96000,48020,96000,1.0,,0.5615,ok,0.1827,0.0388,0.0,0.34,12th Gen Intel(R) Core(TM) i7-1255U,12,15.68,Windows-10-10.0.26200-SP0,3.11.15,1.26.4,1.17.1,4.12.2,0.48.4,5.0.0,2.11.0+cu128,50414c3,10,False,,"(9, 6, 2)",2026-08-29T16:30:44+00:00,
a1_refine_scaling,149,components,fragmented_icosphere,10,100000,10,0,False,0,2,False,240.0,0.5713,2019.2,48020,96000,48020,96000,1.0,,0.5675,ok,0.1496,0.0301,0.0,0.3878,12th Gen Intel(R) Core(TM) i7-1255U,12,15.68,Windows-10-10.0.26200-SP0,3.11.15,1.26.4,1.17.1,4.12.2,0.48.4,5.0.0,2.11.0+cu128,50414c3,10,False,,"(9, 6, 2)",2026-08-29T16:30:44+00:00,
a1_refine_scaling,150,components,fragmented_icosphere,50,100000,50,0,False,0,0,False,240.0,1.0118,2019.2,52900,105600,52900,105600,1.0,,1.0092,ok,0.7133,0.033,0.0,0.2629,12th Gen Intel(R) Core(TM) i7-1255U,12,15.68,Windows-10-10.0.26200-SP0,3.11.15,1.26.4,1.17.1,4.12.2,0.48.4,5.0.0,2.11.0+cu128,50414c3,10,False,,"(9, 6, 2)",2026-08-29T16:30:44+00:00,
a1_refine_scaling,151,components,fragmented_icosphere,50,100000,50,0,False,0,1,False,240.0,0.8484,2019.2,52900,105600,52900,105600,1.0,,0.846,ok,0.5341,0.0311,0.0,0.2808,12th Gen Intel(R) Core(TM) i7-1255U,12,15.68,Windows-10-10.0.26200-SP0,3.11.15,1.26.4,1.17.1,4.12.2,0.48.4,5.0.0,2.11.0+cu128,50414c3,10,False,,"(9, 6, 2)",2026-08-29T16:30:44+00:00,
a1_refine_scaling,152,components,fragmented_icosphere,50,100000,50,0,False,0,2,False,240.0,0.9034,2019.2,52900,105600,52900,105600,1.0,,0.9015,ok,0.5986,0.0315,0.0,0.2714,12th Gen Intel(R) Core(TM) i7-1255U,12,15.68,Windows-10-10.0.26200-SP0,3.11.15,1.26.4,1.17.1,4.12.2,0.48.4,5.0.0,2.11.0+cu128,50414c3,10,False,,"(9, 6, 2)",2026-08-29T16:30:44+00:00,
a1_refine_scaling,153,components,fragmented_icosphere,100,100000,100,0,False,0,0,False,240.0,1.1352,2019.2,45000,89600,45000,89600,1.0,,1.1327,ok,0.92,0.0305,0.0,0.1822,12th Gen Intel(R) Core(TM) i7-1255U,12,15.68,Windows-10-10.0.26200-SP0,3.11.15,1.26.4,1.17.1,4.12.2,0.48.4,5.0.0,2.11.0+cu128,50414c3,10,False,,"(9, 6, 2)",2026-08-29T16:30:44+00:00,
a1_refine_scaling,154,components,fragmented_icosphere,100,100000,100,0,False,0,1,False,240.0,1.1551,2019.2,45000,89600,45000,89600,1.0,,1.1523,ok,0.9266,0.0366,0.0,0.1891,12th Gen Intel(R) Core(TM) i7-1255U,12,15.68,Windows-10-10.0.26200-SP0,3.11.15,1.26.4,1.17.1,4.12.2,0.48.4,5.0.0,2.11.0+cu128,50414c3,10,False,,"(9, 6, 2)",2026-08-29T16:30:44+00:00,
a1_refine_scaling,155,components,fragmented_icosphere,100,100000,100,0,False,0,2,False,240.0,1.0606,2019.2,45000,89600,45000,89600,1.0,,1.0579,ok,0.8292,0.0331,0.0,0.1956,12th Gen Intel(R) Core(TM) i7-1255U,12,15.68,Windows-10-10.0.26200-SP0,3.11.15,1.26.4,1.17.1,4.12.2,0.48.4,5.0.0,2.11.0+cu128,50414c3,10,False,,"(9, 6, 2)",2026-08-29T16:30:44+00:00,
a1_refine_scaling,156,components,fragmented_icosphere,250,100000,250,0,False,0,0,False,240.0,2.2338,2019.2,40500,80000,40500,80000,1.0,,2.2316,ok,2.0771,0.0246,0.0,0.1299,12th Gen Intel(R) Core(TM) i7-1255U,12,15.68,Windows-10-10.0.26200-SP0,3.11.15,1.26.4,1.17.1,4.12.2,0.48.4,5.0.0,2.11.0+cu128,50414c3,10,False,,"(9, 6, 2)",2026-08-29T16:30:44+00:00,
a1_refine_scaling,157,components,fragmented_icosphere,250,100000,250,0,False,0,1,False,240.0,2.0924,2019.2,40500,80000,40500,80000,1.0,,2.0903,ok,1.9386,0.023,0.0,0.1287,12th Gen Intel(R) Core(TM) i7-1255U,12,15.68,Windows-10-10.0.26200-SP0,3.11.15,1.26.4,1.17.1,4.12.2,0.48.4,5.0.0,2.11.0+cu128,50414c3,10,False,,"(9, 6, 2)",2026-08-29T16:30:44+00:00,
a1_refine_scaling,158,components,fragmented_icosphere,250,100000,250,0,False,0,2,False,240.0,2.2204,2019.2,40500,80000,40500,80000,1.0,,2.2176,ok,2.0338,0.0213,0.0,0.1625,12th Gen Intel(R) Core(TM) i7-1255U,12,15.68,Windows-10-10.0.26200-SP0,3.11.15,1.26.4,1.17.1,4.12.2,0.48.4,5.0.0,2.11.0+cu128,50414c3,10,False,,"(9, 6, 2)",2026-08-29T16:30:44+00:00,
a1_refine_scaling,159,components,fragmented_icosphere,500,100000,500,0,False,0,0,False,240.0,6.6263,2019.2,49000,96000,49000,96000,1.0,,6.6228,ok,6.3983,0.0359,0.0,0.1886,12th Gen Intel(R) Core(TM) i7-1255U,12,15.68,Windows-10-10.0.26200-SP0,3.11.15,1.26.4,1.17.1,4.12.2,0.48.4,5.0.0,2.11.0+cu128,50414c3,10,False,,"(9, 6, 2)",2026-08-29T16:30:44+00:00,
a1_refine_scaling,160,components,fragmented_icosphere,500,100000,500,0,False,0,1,False,240.0,4.9317,2019.2,49000,96000,49000,96000,1.0,,4.9275,ok,4.7191,0.027,0.0,0.1814,12th Gen Intel(R) Core(TM) i7-1255U,12,15.68,Windows-10-10.0.26200-SP0,3.11.15,1.26.4,1.17.1,4.12.2,0.48.4,5.0.0,2.11.0+cu128,50414c3,10,False,,"(9, 6, 2)",2026-08-29T16:30:44+00:00,
a1_refine_scaling,161,components,fragmented_icosphere,500,100000,500,0,False,0,2,False,240.0,4.7085,2019.2,49000,96000,49000,96000,1.0,,4.7056,ok,4.4954,0.0261,0.0,0.1841,12th Gen Intel(R) Core(TM) i7-1255U,12,15.68,Windows-10-10.0.26200-SP0,3.11.15,1.26.4,1.17.1,4.12.2,0.48.4,5.0.0,2.11.0+cu128,50414c3,10,False,,"(9, 6, 2)",2026-08-29T16:30:44+00:00,
a1_refine_scaling,162,components,fragmented_icosphere,1000,100000,1000,0,False,0,0,False,240.0,10.6414,2019.2,50000,96000,50000,96000,1.0,,10.6369,ok,10.396,0.0415,0.0,0.1994,12th Gen Intel(R) Core(TM) i7-1255U,12,15.68,Windows-10-10.0.26200-SP0,3.11.15,1.26.4,1.17.1,4.12.2,0.48.4,5.0.0,2.11.0+cu128,50414c3,10,False,,"(9, 6, 2)",2026-08-29T16:30:44+00:00,
a1_refine_scaling,163,components,fragmented_icosphere,1000,100000,1000,0,False,0,1,False,240.0,10.3563,2019.2,50000,96000,50000,96000,1.0,,10.3525,ok,10.1546,0.0262,0.0,0.1717,12th Gen Intel(R) Core(TM) i7-1255U,12,15.68,Windows-10-10.0.26200-SP0,3.11.15,1.26.4,1.17.1,4.12.2,0.48.4,5.0.0,2.11.0+cu128,50414c3,10,False,,"(9, 6, 2)",2026-08-29T16:30:44+00:00,
a1_refine_scaling,164,components,fragmented_icosphere,1000,100000,1000,0,False,0,2,False,240.0,11.3637,2019.2,50000,96000,50000,96000,1.0,,11.3603,ok,11.1737,0.0314,0.0,0.1552,12th Gen Intel(R) Core(TM) i7-1255U,12,15.68,Windows-10-10.0.26200-SP0,3.11.15,1.26.4,1.17.1,4.12.2,0.48.4,5.0.0,2.11.0+cu128,50414c3,10,False,,"(9, 6, 2)",2026-08-29T16:30:44+00:00,
a1_refine_scaling,165,components,fragmented_icosphere,1,100000,1,0,True,0,0,False,240.0,0.4457,2019.2,50562,101120,50562,101120,1.0,True,0.4424,ok,0.1021,0.0371,0.0,0.2106,12th Gen Intel(R) Core(TM) i7-1255U,12,15.68,Windows-10-10.0.26200-SP0,3.11.15,1.26.4,1.17.1,4.12.2,0.48.4,5.0.0,2.11.0+cu128,50414c3,10,False,,"(9, 6, 2)",2026-08-29T16:30:44+00:00,0.0926
a1_refine_scaling,166,components,fragmented_icosphere,1,100000,1,0,True,0,1,False,240.0,0.463,2019.2,50562,101120,50562,101120,1.0,True,0.4605,ok,0.1251,0.0372,0.0,0.1984,12th Gen Intel(R) Core(TM) i7-1255U,12,15.68,Windows-10-10.0.26200-SP0,3.11.15,1.26.4,1.17.1,4.12.2,0.48.4,5.0.0,2.11.0+cu128,50414c3,10,False,,"(9, 6, 2)",2026-08-29T16:30:44+00:00,0.0998
a1_refine_scaling,167,components,fragmented_icosphere,1,100000,1,0,True,0,2,False,240.0,0.4094,2019.2,50562,101120,50562,101120,1.0,True,0.4069,ok,0.095,0.0311,0.0,0.183,12th Gen Intel(R) Core(TM) i7-1255U,12,15.68,Windows-10-10.0.26200-SP0,3.11.15,1.26.4,1.17.1,4.12.2,0.48.4,5.0.0,2.11.0+cu128,50414c3,10,False,,"(9, 6, 2)",2026-08-29T16:30:44+00:00,0.0978
a1_refine_scaling,168,components,fragmented_icosphere,10,100000,10,0,True,0,0,False,240.0,0.7846,2019.2,48020,96000,48020,96000,1.0,True,0.7816,ok,0.2473,0.0335,0.0,0.3873,12th Gen Intel(R) Core(TM) i7-1255U,12,15.68,Windows-10-10.0.26200-SP0,3.11.15,1.26.4,1.17.1,4.12.2,0.48.4,5.0.0,2.11.0+cu128,50414c3,10,False,,"(9, 6, 2)",2026-08-29T16:30:44+00:00,0.1135
a1_refine_scaling,169,components,fragmented_icosphere,10,100000,10,0,True,0,1,False,240.0,0.6618,2019.2,48020,96000,48020,96000,1.0,True,0.6589,ok,0.1739,0.031,0.0,0.3628,12th Gen Intel(R) Core(TM) i7-1255U,12,15.68,Windows-10-10.0.26200-SP0,3.11.15,1.26.4,1.17.1,4.12.2,0.48.4,5.0.0,2.11.0+cu128,50414c3,10,False,,"(9, 6, 2)",2026-08-29T16:30:44+00:00,0.0912
a1_refine_scaling,170,components,fragmented_icosphere,10,100000,10,0,True,0,2,False,240.0,0.6296,2019.2,48020,96000,48020,96000,1.0,True,0.6274,ok,0.2029,0.0329,0.0,0.31,12th Gen Intel(R) Core(TM) i7-1255U,12,15.68,Windows-10-10.0.26200-SP0,3.11.15,1.26.4,1.17.1,4.12.2,0.48.4,5.0.0,2.11.0+cu128,50414c3,10,False,,"(9, 6, 2)",2026-08-29T16:30:44+00:00,0.0816
a1_refine_scaling,171,components,fragmented_icosphere,50,100000,50,0,True,0,0,False,240.0,0.9883,2019.2,52900,105600,52900,105600,1.0,True,0.985,ok,0.5867,0.0326,0.0,0.2687,12th Gen Intel(R) Core(TM) i7-1255U,12,15.68,Windows-10-10.0.26200-SP0,3.11.15,1.26.4,1.17.1,4.12.2,0.48.4,5.0.0,2.11.0+cu128,50414c3,10,False,,"(9, 6, 2)",2026-08-29T16:30:44+00:00,0.097
a1_refine_scaling,172,components,fragmented_icosphere,50,100000,50,0,True,0,1,False,240.0,1.0365,2019.2,52900,105600,52900,105600,1.0,True,1.0331,ok,0.6302,0.033,0.0,0.273,12th Gen Intel(R) Core(TM) i7-1255U,12,15.68,Windows-10-10.0.26200-SP0,3.11.15,1.26.4,1.17.1,4.12.2,0.48.4,5.0.0,2.11.0+cu128,50414c3,10,False,,"(9, 6, 2)",2026-08-29T16:30:44+00:00,0.0969
a1_refine_scaling,173,components,fragmented_icosphere,50,100000,50,0,True,0,2,False,240.0,1.0098,2019.2,52900,105600,52900,105600,1.0,True,1.0065,ok,0.5711,0.0333,0.0,0.2972,12th Gen Intel(R) Core(TM) i7-1255U,12,15.68,Windows-10-10.0.26200-SP0,3.11.15,1.26.4,1.17.1,4.12.2,0.48.4,5.0.0,2.11.0+cu128,50414c3,10,False,,"(9, 6, 2)",2026-08-29T16:30:44+00:00,0.1049
a1_refine_scaling,174,components,fragmented_icosphere,100,100000,100,0,True,0,0,False,240.0,1.1933,2019.2,45000,89600,45000,89600,1.0,True,1.1901,ok,0.8663,0.0254,0.0,0.2056,12th Gen Intel(R) Core(TM) i7-1255U,12,15.68,Windows-10-10.0.26200-SP0,3.11.15,1.26.4,1.17.1,4.12.2,0.48.4,5.0.0,2.11.0+cu128,50414c3,10,False,,"(9, 6, 2)",2026-08-29T16:30:44+00:00,0.0928
a1_refine_scaling,175,components,fragmented_icosphere,100,100000,100,0,True,0,1,False,240.0,1.3554,2019.2,45000,89600,45000,89600,1.0,True,1.3525,ok,1.0321,0.0304,0.0,0.1964,12th Gen Intel(R) Core(TM) i7-1255U,12,15.68,Windows-10-10.0.26200-SP0,3.11.15,1.26.4,1.17.1,4.12.2,0.48.4,5.0.0,2.11.0+cu128,50414c3,10,False,,"(9, 6, 2)",2026-08-29T16:30:44+00:00,0.0936
a1_refine_scaling,176,components,fragmented_icosphere,100,100000,100,0,True,0,2,False,240.0,1.3245,2019.2,45000,89600,45000,89600,1.0,True,1.3218,ok,0.9862,0.0293,0.0,0.2092,12th Gen Intel(R) Core(TM) i7-1255U,12,15.68,Windows-10-10.0.26200-SP0,3.11.15,1.26.4,1.17.1,4.12.2,0.48.4,5.0.0,2.11.0+cu128,50414c3,10,False,,"(9, 6, 2)",2026-08-29T16:30:44+00:00,0.0971
a1_refine_scaling,177,components,fragmented_icosphere,250,100000,250,0,True,0,0,False,240.0,2.8104,2019.2,40500,80000,40500,80000,1.0,True,2.807,ok,2.552,0.0246,0.0,0.1501,12th Gen Intel(R) Core(TM) i7-1255U,12,15.68,Windows-10-10.0.26200-SP0,3.11.15,1.26.4,1.17.1,4.12.2,0.48.4,5.0.0,2.11.0+cu128,50414c3,10,False,,"(9, 6, 2)",2026-08-29T16:30:44+00:00,0.0803
a1_refine_scaling,178,components,fragmented_icosphere,250,100000,250,0,True,0,1,False,240.0,2.6112,2019.2,40500,80000,40500,80000,1.0,True,2.6086,ok,2.3496,0.0287,0.0,0.1539,12th Gen Intel(R) Core(TM) i7-1255U,12,15.68,Windows-10-10.0.26200-SP0,3.11.15,1.26.4,1.17.1,4.12.2,0.48.4,5.0.0,2.11.0+cu128,50414c3,10,False,,"(9, 6, 2)",2026-08-29T16:30:44+00:00,0.0764
a1_refine_scaling,179,components,fragmented_icosphere,250,100000,250,0,True,0,2,False,240.0,2.8286,2019.2,40500,80000,40500,80000,1.0,True,2.8261,ok,2.5165,0.0293,0.0,0.17,12th Gen Intel(R) Core(TM) i7-1255U,12,15.68,Windows-10-10.0.26200-SP0,3.11.15,1.26.4,1.17.1,4.12.2,0.48.4,5.0.0,2.11.0+cu128,50414c3,10,False,,"(9, 6, 2)",2026-08-29T16:30:44+00:00,0.1103
a1_refine_scaling,180,components,fragmented_icosphere,500,100000,500,0,True,0,0,False,240.0,6.0431,2019.2,49000,96000,49000,96000,1.0,True,6.0395,ok,5.7298,0.0285,0.0,0.1862,12th Gen Intel(R) Core(TM) i7-1255U,12,15.68,Windows-10-10.0.26200-SP0,3.11.15,1.26.4,1.17.1,4.12.2,0.48.4,5.0.0,2.11.0+cu128,50414c3,10,False,,"(9, 6, 2)",2026-08-29T16:30:44+00:00,0.095
a1_refine_scaling,181,components,fragmented_icosphere,500,100000,500,0,True,0,1,False,240.0,5.246,2019.2,49000,96000,49000,96000,1.0,True,5.2413,ok,4.9563,0.0319,0.0,0.1658,12th Gen Intel(R) Core(TM) i7-1255U,12,15.68,Windows-10-10.0.26200-SP0,3.11.15,1.26.4,1.17.1,4.12.2,0.48.4,5.0.0,2.11.0+cu128,50414c3,10,False,,"(9, 6, 2)",2026-08-29T16:30:44+00:00,0.0873
a1_refine_scaling,182,components,fragmented_icosphere,500,100000,500,0,True,0,2,False,240.0,5.0335,2019.2,49000,96000,49000,96000,1.0,True,5.0306,ok,4.7328,0.0266,0.0,0.1817,12th Gen Intel(R) Core(TM) i7-1255U,12,15.68,Windows-10-10.0.26200-SP0,3.11.15,1.26.4,1.17.1,4.12.2,0.48.4,5.0.0,2.11.0+cu128,50414c3,10,False,,"(9, 6, 2)",2026-08-29T16:30:44+00:00,0.0895
a1_refine_scaling,183,components,fragmented_icosphere,1000,100000,1000,0,True,0,0,False,240.0,9.9997,2019.2,50000,96000,50000,96000,1.0,True,9.9959,ok,9.7455,0.0235,0.0,0.1498,12th Gen Intel(R) Core(TM) i7-1255U,12,15.68,Windows-10-10.0.26200-SP0,3.11.15,1.26.4,1.17.1,4.12.2,0.48.4,5.0.0,2.11.0+cu128,50414c3,10,False,,"(9, 6, 2)",2026-08-29T16:30:44+00:00,0.0771
a1_refine_scaling,184,components,fragmented_icosphere,1000,100000,1000,0,True,0,1,False,240.0,10.6846,2019.2,50000,96000,50000,96000,1.0,True,10.6803,ok,10.3331,0.0492,0.0,0.2123,12th Gen Intel(R) Core(TM) i7-1255U,12,15.68,Windows-10-10.0.26200-SP0,3.11.15,1.26.4,1.17.1,4.12.2,0.48.4,5.0.0,2.11.0+cu128,50414c3,10,False,,"(9, 6, 2)",2026-08-29T16:30:44+00:00,0.0857
a1_refine_scaling,185,components,fragmented_icosphere,1000,100000,1000,0,True,0,2,False,240.0,10.6197,2019.2,50000,96000,50000,96000,1.0,True,10.6144,ok,10.3313,0.0345,0.0,0.1684,12th Gen Intel(R) Core(TM) i7-1255U,12,15.68,Windows-10-10.0.26200-SP0,3.11.15,1.26.4,1.17.1,4.12.2,0.48.4,5.0.0,2.11.0+cu128,50414c3,10,False,,"(9, 6, 2)",2026-08-29T16:30:44+00:00,0.0802
a1_refine_scaling,186,components,fragmented_icosphere,1,100000,1,15,False,0,0,False,240.0,0.4204,2019.2,50562,101120,50562,101120,1.0,,0.4183,ok,0.0895,0.0291,0.1288,0.1709,12th Gen Intel(R) Core(TM) i7-1255U,12,15.68,Windows-10-10.0.26200-SP0,3.11.15,1.26.4,1.17.1,4.12.2,0.48.4,5.0.0,2.11.0+cu128,50414c3,10,False,,"(9, 6, 2)",2026-08-29T16:30:44+00:00,
a1_refine_scaling,187,components,fragmented_icosphere,1,100000,1,15,False,0,1,False,240.0,0.41,2019.2,50562,101120,50562,101120,1.0,,0.408,ok,0.0819,0.0304,0.1223,0.1734,12th Gen Intel(R) Core(TM) i7-1255U,12,15.68,Windows-10-10.0.26200-SP0,3.11.15,1.26.4,1.17.1,4.12.2,0.48.4,5.0.0,2.11.0+cu128,50414c3,10,False,,"(9, 6, 2)",2026-08-29T16:30:44+00:00,
a1_refine_scaling,188,components,fragmented_icosphere,1,100000,1,15,False,0,2,False,240.0,0.467,2019.2,50562,101120,50562,101120,1.0,,0.464,ok,0.0952,0.0309,0.1364,0.2015,12th Gen Intel(R) Core(TM) i7-1255U,12,15.68,Windows-10-10.0.26200-SP0,3.11.15,1.26.4,1.17.1,4.12.2,0.48.4,5.0.0,2.11.0+cu128,50414c3,10,False,,"(9, 6, 2)",2026-08-29T16:30:44+00:00,
a1_refine_scaling,189,components,fragmented_icosphere,10,100000,10,15,False,0,0,False,240.0,0.6908,2019.2,48020,96000,48020,96000,1.0,,0.6882,ok,0.2172,0.0283,0.1249,0.3178,12th Gen Intel(R) Core(TM) i7-1255U,12,15.68,Windows-10-10.0.26200-SP0,3.11.15,1.26.4,1.17.1,4.12.2,0.48.4,5.0.0,2.11.0+cu128,50414c3,10,False,,"(9, 6, 2)",2026-08-29T16:30:44+00:00,
a1_refine_scaling,190,components,fragmented_icosphere,10,100000,10,15,False,0,1,False,240.0,0.6997,2019.2,48020,96000,48020,96000,1.0,,0.6976,ok,0.1803,0.028,0.1303,0.359,12th Gen Intel(R) Core(TM) i7-1255U,12,15.68,Windows-10-10.0.26200-SP0,3.11.15,1.26.4,1.17.1,4.12.2,0.48.4,5.0.0,2.11.0+cu128,50414c3,10,False,,"(9, 6, 2)",2026-08-29T16:30:44+00:00,
a1_refine_scaling,191,components,fragmented_icosphere,10,100000,10,15,False,0,2,False,240.0,0.657,2019.2,48020,96000,48020,96000,1.0,,0.6547,ok,0.1592,0.0268,0.122,0.3467,12th Gen Intel(R) Core(TM) i7-1255U,12,15.68,Windows-10-10.0.26200-SP0,3.11.15,1.26.4,1.17.1,4.12.2,0.48.4,5.0.0,2.11.0+cu128,50414c3,10,False,,"(9, 6, 2)",2026-08-29T16:30:44+00:00,
a1_refine_scaling,192,components,fragmented_icosphere,50,100000,50,15,False,0,0,False,240.0,0.9229,2019.2,52900,105600,52900,105600,1.0,,0.9202,ok,0.5129,0.0293,0.1252,0.2528,12th Gen Intel(R) Core(TM) i7-1255U,12,15.68,Windows-10-10.0.26200-SP0,3.11.15,1.26.4,1.17.1,4.12.2,0.48.4,5.0.0,2.11.0+cu128,50414c3,10,False,,"(9, 6, 2)",2026-08-29T16:30:44+00:00,
a1_refine_scaling,193,components,fragmented_icosphere,50,100000,50,15,False,0,1,False,240.0,0.9852,2019.2,52900,105600,52900,105600,1.0,,0.9823,ok,0.5404,0.0371,0.1317,0.2731,12th Gen Intel(R) Core(TM) i7-1255U,12,15.68,Windows-10-10.0.26200-SP0,3.11.15,1.26.4,1.17.1,4.12.2,0.48.4,5.0.0,2.11.0+cu128,50414c3,10,False,,"(9, 6, 2)",2026-08-29T16:30:44+00:00,
a1_refine_scaling,194,components,fragmented_icosphere,50,100000,50,15,False,0,2,False,240.0,0.9953,2019.2,52900,105600,52900,105600,1.0,,0.9925,ok,0.5692,0.0319,0.1344,0.257,12th Gen Intel(R) Core(TM) i7-1255U,12,15.68,Windows-10-10.0.26200-SP0,3.11.15,1.26.4,1.17.1,4.12.2,0.48.4,5.0.0,2.11.0+cu128,50414c3,10,False,,"(9, 6, 2)",2026-08-29T16:30:44+00:00,
a1_refine_scaling,195,components,fragmented_icosphere,100,100000,100,15,False,0,0,False,240.0,1.1035,2019.2,45000,89600,45000,89600,1.0,,1.1009,ok,0.7716,0.0241,0.1089,0.1963,12th Gen Intel(R) Core(TM) i7-1255U,12,15.68,Windows-10-10.0.26200-SP0,3.11.15,1.26.4,1.17.1,4.12.2,0.48.4,5.0.0,2.11.0+cu128,50414c3,10,False,,"(9, 6, 2)",2026-08-29T16:30:44+00:00,
a1_refine_scaling,196,components,fragmented_icosphere,100,100000,100,15,False,0,1,False,240.0,1.2285,2019.2,45000,89600,45000,89600,1.0,,1.2264,ok,0.8552,0.0277,0.1366,0.2069,12th Gen Intel(R) Core(TM) i7-1255U,12,15.68,Windows-10-10.0.26200-SP0,3.11.15,1.26.4,1.17.1,4.12.2,0.48.4,5.0.0,2.11.0+cu128,50414c3,10,False,,"(9, 6, 2)",2026-08-29T16:30:44+00:00,
a1_refine_scaling,197,components,fragmented_icosphere,100,100000,100,15,False,0,2,False,240.0,1.1458,2019.2,45000,89600,45000,89600,1.0,,1.1432,ok,0.799,0.0303,0.1187,0.1952,12th Gen Intel(R) Core(TM) i7-1255U,12,15.68,Windows-10-10.0.26200-SP0,3.11.15,1.26.4,1.17.1,4.12.2,0.48.4,5.0.0,2.11.0+cu128,50414c3,10,False,,"(9, 6, 2)",2026-08-29T16:30:44+00:00,
a1_refine_scaling,198,components,fragmented_icosphere,250,100000,250,15,False,0,0,False,240.0,2.3454,2019.2,40500,80000,40500,80000,1.0,,2.3428,ok,2.0715,0.0243,0.1206,0.1264,12th Gen Intel(R) Core(TM) i7-1255U,12,15.68,Windows-10-10.0.26200-SP0,3.11.15,1.26.4,1.17.1,4.12.2,0.48.4,5.0.0,2.11.0+cu128,50414c3,10,False,,"(9, 6, 2)",2026-08-29T16:30:44+00:00,
a1_refine_scaling,199,components,fragmented_icosphere,250,100000,250,15,False,0,1,False,240.0,2.2301,2019.2,40500,80000,40500,80000,1.0,,2.2275,ok,1.9034,0.03,0.1342,0.1599,12th Gen Intel(R) Core(TM) i7-1255U,12,15.68,Windows-10-10.0.26200-SP0,3.11.15,1.26.4,1.17.1,4.12.2,0.48.4,5.0.0,2.11.0+cu128,50414c3,10,False,,"(9, 6, 2)",2026-08-29T16:30:44+00:00,
a1_refine_scaling,200,components,fragmented_icosphere,250,100000,250,15,False,0,2,False,240.0,2.2731,2019.2,40500,80000,40500,80000,1.0,,2.2708,ok,2.0177,0.0215,0.1045,0.1271,12th Gen Intel(R) Core(TM) i7-1255U,12,15.68,Windows-10-10.0.26200-SP0,3.11.15,1.26.4,1.17.1,4.12.2,0.48.4,5.0.0,2.11.0+cu128,50414c3,10,False,,"(9, 6, 2)",2026-08-29T16:30:44+00:00,
a1_refine_scaling,201,components,fragmented_icosphere,500,100000,500,15,False,0,0,False,240.0,4.7792,2019.2,49000,96000,49000,96000,1.0,,4.7761,ok,4.4245,0.0327,0.1394,0.1795,12th Gen Intel(R) Core(TM) i7-1255U,12,15.68,Windows-10-10.0.26200-SP0,3.11.15,1.26.4,1.17.1,4.12.2,0.48.4,5.0.0,2.11.0+cu128,50414c3,10,False,,"(9, 6, 2)",2026-08-29T16:30:44+00:00,
a1_refine_scaling,202,components,fragmented_icosphere,500,100000,500,15,False,0,1,False,240.0,4.5648,2019.2,49000,96000,49000,96000,1.0,,4.5622,ok,4.2752,0.0255,0.1094,0.1521,12th Gen Intel(R) Core(TM) i7-1255U,12,15.68,Windows-10-10.0.26200-SP0,3.11.15,1.26.4,1.17.1,4.12.2,0.48.4,5.0.0,2.11.0+cu128,50414c3,10,False,,"(9, 6, 2)",2026-08-29T16:30:44+00:00,
a1_refine_scaling,203,components,fragmented_icosphere,500,100000,500,15,False,0,2,False,240.0,4.7594,2019.2,49000,96000,49000,96000,1.0,,4.7567,ok,4.4639,0.0256,0.1187,0.1485,12th Gen Intel(R) Core(TM) i7-1255U,12,15.68,Windows-10-10.0.26200-SP0,3.11.15,1.26.4,1.17.1,4.12.2,0.48.4,5.0.0,2.11.0+cu128,50414c3,10,False,,"(9, 6, 2)",2026-08-29T16:30:44+00:00,
a1_refine_scaling,204,components,fragmented_icosphere,1000,100000,1000,15,False,0,0,False,240.0,10.2463,2019.2,50000,96000,50000,96000,1.0,,10.2414,ok,9.8508,0.0521,0.1498,0.1887,12th Gen Intel(R) Core(TM) i7-1255U,12,15.68,Windows-10-10.0.26200-SP0,3.11.15,1.26.4,1.17.1,4.12.2,0.48.4,5.0.0,2.11.0+cu128,50414c3,10,False,,"(9, 6, 2)",2026-08-29T16:30:44+00:00,
a1_refine_scaling,205,components,fragmented_icosphere,1000,100000,1000,15,False,0,1,False,240.0,10.5334,2019.2,50000,96000,50000,96000,1.0,,10.5292,ok,10.1927,0.0393,0.1426,0.1546,12th Gen Intel(R) Core(TM) i7-1255U,12,15.68,Windows-10-10.0.26200-SP0,3.11.15,1.26.4,1.17.1,4.12.2,0.48.4,5.0.0,2.11.0+cu128,50414c3,10,False,,"(9, 6, 2)",2026-08-29T16:30:44+00:00,
a1_refine_scaling,206,components,fragmented_icosphere,1000,100000,1000,15,False,0,2,False,240.0,9.9934,2019.2,50000,96000,50000,96000,1.0,,9.99,ok,9.6824,0.0282,0.1287,0.1507,12th Gen Intel(R) Core(TM) i7-1255U,12,15.68,Windows-10-10.0.26200-SP0,3.11.15,1.26.4,1.17.1,4.12.2,0.48.4,5.0.0,2.11.0+cu128,50414c3,10,False,,"(9, 6, 2)",2026-08-29T16:30:44+00:00,
a1_refine_scaling,207,components,fragmented_icosphere,1,100000,1,15,True,0,0,False,240.0,0.6228,2019.2,50562,101120,50562,101120,1.0,True,0.6199,ok,0.1133,0.0351,0.1509,0.2084,12th Gen Intel(R) Core(TM) i7-1255U,12,15.68,Windows-10-10.0.26200-SP0,3.11.15,1.26.4,1.17.1,4.12.2,0.48.4,5.0.0,2.11.0+cu128,50414c3,10,False,,"(9, 6, 2)",2026-08-29T16:30:44+00:00,0.1122
a1_refine_scaling,208,components,fragmented_icosphere,1,100000,1,15,True,0,1,False,240.0,0.5889,2019.2,50562,101120,50562,101120,1.0,True,0.5862,ok,0.1074,0.032,0.16,0.1923,12th Gen Intel(R) Core(TM) i7-1255U,12,15.68,Windows-10-10.0.26200-SP0,3.11.15,1.26.4,1.17.1,4.12.2,0.48.4,5.0.0,2.11.0+cu128,50414c3,10,False,,"(9, 6, 2)",2026-08-29T16:30:44+00:00,0.0945
a1_refine_scaling,209,components,fragmented_icosphere,1,100000,1,15,True,0,2,False,240.0,0.5708,2019.2,50562,101120,50562,101120,1.0,True,0.5686,ok,0.0937,0.0299,0.1493,0.2083,12th Gen Intel(R) Core(TM) i7-1255U,12,15.68,Windows-10-10.0.26200-SP0,3.11.15,1.26.4,1.17.1,4.12.2,0.48.4,5.0.0,2.11.0+cu128,50414c3,10,False,,"(9, 6, 2)",2026-08-29T16:30:44+00:00,0.0874
a1_refine_scaling,210,components,fragmented_icosphere,10,100000,10,15,True,0,0,False,240.0,0.8106,2019.2,48020,96000,48020,96000,1.0,True,0.8072,ok,0.1658,0.0297,0.1462,0.34,12th Gen Intel(R) Core(TM) i7-1255U,12,15.68,Windows-10-10.0.26200-SP0,3.11.15,1.26.4,1.17.1,4.12.2,0.48.4,5.0.0,2.11.0+cu128,50414c3,10,False,,"(9, 6, 2)",2026-08-29T16:30:44+00:00,0.1255
a1_refine_scaling,211,components,fragmented_icosphere,10,100000,10,15,True,0,1,False,240.0,0.7445,2019.2,48020,96000,48020,96000,1.0,True,0.7417,ok,0.178,0.0312,0.119,0.3176,12th Gen Intel(R) Core(TM) i7-1255U,12,15.68,Windows-10-10.0.26200-SP0,3.11.15,1.26.4,1.17.1,4.12.2,0.48.4,5.0.0,2.11.0+cu128,50414c3,10,False,,"(9, 6, 2)",2026-08-29T16:30:44+00:00,0.0959
a1_refine_scaling,212,components,fragmented_icosphere,10,100000,10,15,True,0,2,False,240.0,0.7094,2019.2,48020,96000,48020,96000,1.0,True,0.7071,ok,0.1808,0.0291,0.1209,0.295,12th Gen Intel(R) Core(TM) i7-1255U,12,15.68,Windows-10-10.0.26200-SP0,3.11.15,1.26.4,1.17.1,4.12.2,0.48.4,5.0.0,2.11.0+cu128,50414c3,10,False,,"(9, 6, 2)",2026-08-29T16:30:44+00:00,0.0813
a1_refine_scaling,213,components,fragmented_icosphere,50,100000,50,15,True,0,0,False,240.0,1.0613,2019.2,52900,105600,52900,105600,1.0,True,1.0587,ok,0.4977,0.0343,0.1471,0.2646,12th Gen Intel(R) Core(TM) i7-1255U,12,15.68,Windows-10-10.0.26200-SP0,3.11.15,1.26.4,1.17.1,4.12.2,0.48.4,5.0.0,2.11.0+cu128,50414c3,10,False,,"(9, 6, 2)",2026-08-29T16:30:44+00:00,0.115
a1_refine_scaling,214,components,fragmented_icosphere,50,100000,50,15,True,0,1,False,240.0,1.0571,2019.2,52900,105600,52900,105600,1.0,True,1.0545,ok,0.5195,0.0303,0.1457,0.253,12th Gen Intel(R) Core(TM) i7-1255U,12,15.68,Windows-10-10.0.26200-SP0,3.11.15,1.26.4,1.17.1,4.12.2,0.48.4,5.0.0,2.11.0+cu128,50414c3,10,False,,"(9, 6, 2)",2026-08-29T16:30:44+00:00,0.106
a1_refine_scaling,215,components,fragmented_icosphere,50,100000,50,15,True,0,2,False,240.0,1.0944,2019.2,52900,105600,52900,105600,1.0,True,1.0918,ok,0.5084,0.0317,0.1209,0.3297,12th Gen Intel(R) Core(TM) i7-1255U,12,15.68,Windows-10-10.0.26200-SP0,3.11.15,1.26.4,1.17.1,4.12.2,0.48.4,5.0.0,2.11.0+cu128,50414c3,10,False,,"(9, 6, 2)",2026-08-29T16:30:44+00:00,0.1011
a1_refine_scaling,216,components,fragmented_icosphere,100,100000,100,15,True,0,0,False,240.0,1.2864,2019.2,45000,89600,45000,89600,1.0,True,1.2837,ok,0.8792,0.03,0.1098,0.1929,12th Gen Intel(R) Core(TM) i7-1255U,12,15.68,Windows-10-10.0.26200-SP0,3.11.15,1.26.4,1.17.1,4.12.2,0.48.4,5.0.0,2.11.0+cu128,50414c3,10,False,,"(9, 6, 2)",2026-08-29T16:30:44+00:00,0.0718
a1_refine_scaling,217,components,fragmented_icosphere,100,100000,100,15,True,0,1,False,240.0,1.3327,2019.2,45000,89600,45000,89600,1.0,True,1.3298,ok,0.8677,0.0284,0.1145,0.206,12th Gen Intel(R) Core(TM) i7-1255U,12,15.68,Windows-10-10.0.26200-SP0,3.11.15,1.26.4,1.17.1,4.12.2,0.48.4,5.0.0,2.11.0+cu128,50414c3,10,False,,"(9, 6, 2)",2026-08-29T16:30:44+00:00,0.1132
a1_refine_scaling,218,components,fragmented_icosphere,100,100000,100,15,True,0,2,False,240.0,1.4037,2019.2,45000,89600,45000,89600,1.0,True,1.4007,ok,0.9545,0.0277,0.1048,0.2248,12th Gen Intel(R) Core(TM) i7-1255U,12,15.68,Windows-10-10.0.26200-SP0,3.11.15,1.26.4,1.17.1,4.12.2,0.48.4,5.0.0,2.11.0+cu128,50414c3,10,False,,"(9, 6, 2)",2026-08-29T16:30:44+00:00,0.0889
a1_refine_scaling,219,components,fragmented_icosphere,250,100000,250,15,True,0,0,False,240.0,2.4516,2019.2,40500,80000,40500,80000,1.0,True,2.4489,ok,2.0981,0.023,0.1072,0.147,12th Gen Intel(R) Core(TM) i7-1255U,12,15.68,Windows-10-10.0.26200-SP0,3.11.15,1.26.4,1.17.1,4.12.2,0.48.4,5.0.0,2.11.0+cu128,50414c3,10,False,,"(9, 6, 2)",2026-08-29T16:30:44+00:00,0.0736
a1_refine_scaling,220,components,fragmented_icosphere,250,100000,250,15,True,0,1,False,240.0,2.4804,2019.2,40500,80000,40500,80000,1.0,True,2.4779,ok,2.0751,0.028,0.119,0.1701,12th Gen Intel(R) Core(TM) i7-1255U,12,15.68,Windows-10-10.0.26200-SP0,3.11.15,1.26.4,1.17.1,4.12.2,0.48.4,5.0.0,2.11.0+cu128,50414c3,10,False,,"(9, 6, 2)",2026-08-29T16:30:44+00:00,0.0857
a1_refine_scaling,221,components,fragmented_icosphere,250,100000,250,15,True,0,2,False,240.0,2.437,2019.2,40500,80000,40500,80000,1.0,True,2.4345,ok,2.0991,0.0234,0.093,0.1374,12th Gen Intel(R) Core(TM) i7-1255U,12,15.68,Windows-10-10.0.26200-SP0,3.11.15,1.26.4,1.17.1,4.12.2,0.48.4,5.0.0,2.11.0+cu128,50414c3,10,False,,"(9, 6, 2)",2026-08-29T16:30:44+00:00,0.0816
a1_refine_scaling,222,components,fragmented_icosphere,500,100000,500,15,True,0,0,False,240.0,4.7422,2019.2,49000,96000,49000,96000,1.0,True,4.7389,ok,4.3441,0.0363,0.1224,0.154,12th Gen Intel(R) Core(TM) i7-1255U,12,15.68,Windows-10-10.0.26200-SP0,3.11.15,1.26.4,1.17.1,4.12.2,0.48.4,5.0.0,2.11.0+cu128,50414c3,10,False,,"(9, 6, 2)",2026-08-29T16:30:44+00:00,0.0821
a1_refine_scaling,223,components,fragmented_icosphere,500,100000,500,15,True,0,1,False,240.0,4.7187,2019.2,49000,96000,49000,96000,1.0,True,4.7144,ok,4.294,0.0275,0.1118,0.1922,12th Gen Intel(R) Core(TM) i7-1255U,12,15.68,Windows-10-10.0.26200-SP0,3.11.15,1.26.4,1.17.1,4.12.2,0.48.4,5.0.0,2.11.0+cu128,50414c3,10,False,,"(9, 6, 2)",2026-08-29T16:30:44+00:00,0.0889
a1_refine_scaling,224,components,fragmented_icosphere,500,100000,500,15,True,0,2,False,240.0,5.1047,2019.2,49000,96000,49000,96000,1.0,True,5.101,ok,4.6398,0.0257,0.1144,0.2013,12th Gen Intel(R) Core(TM) i7-1255U,12,15.68,Windows-10-10.0.26200-SP0,3.11.15,1.26.4,1.17.1,4.12.2,0.48.4,5.0.0,2.11.0+cu128,50414c3,10,False,,"(9, 6, 2)",2026-08-29T16:30:44+00:00,0.1198
a1_refine_scaling,225,components,fragmented_icosphere,1000,100000,1000,15,True,0,0,False,240.0,9.8963,2019.2,50000,96000,50000,96000,1.0,True,9.8927,ok,9.5463,0.0258,0.1102,0.1329,12th Gen Intel(R) Core(TM) i7-1255U,12,15.68,Windows-10-10.0.26200-SP0,3.11.15,1.26.4,1.17.1,4.12.2,0.48.4,5.0.0,2.11.0+cu128,50414c3,10,False,,"(9, 6, 2)",2026-08-29T16:30:44+00:00,0.0775
a1_refine_scaling,226,components,fragmented_icosphere,1000,100000,1000,15,True,0,1,False,240.0,10.1463,2019.2,50000,96000,50000,96000,1.0,True,10.1423,ok,9.6962,0.0333,0.1303,0.1958,12th Gen Intel(R) Core(TM) i7-1255U,12,15.68,Windows-10-10.0.26200-SP0,3.11.15,1.26.4,1.17.1,4.12.2,0.48.4,5.0.0,2.11.0+cu128,50414c3,10,False,,"(9, 6, 2)",2026-08-29T16:30:44+00:00,0.0867
a1_refine_scaling,227,components,fragmented_icosphere,1000,100000,1000,15,True,0,2,False,240.0,10.4391,2019.2,50000,96000,50000,96000,1.0,True,10.4349,ok,9.9885,0.0342,0.162,0.1704,12th Gen Intel(R) Core(TM) i7-1255U,12,15.68,Windows-10-10.0.26200-SP0,3.11.15,1.26.4,1.17.1,4.12.2,0.48.4,5.0.0,2.11.0+cu128,50414c3,10,False,,"(9, 6, 2)",2026-08-29T16:30:44+00:00,0.0798
a1_refine_scaling,228,interaction,fragmented_icosphere,500,500000,500,0,False,0,0,,240.0,14.3815,2019.2,225000,448000,225000,448000,1.0,,14.3762,ok,12.921,0.1269,0.0,1.3283,12th Gen Intel(R) Core(TM) i7-1255U,12,15.68,Windows-10-10.0.26200-SP0,3.11.15,1.26.4,1.17.1,4.12.2,0.48.4,5.0.0,2.11.0+cu128,50414c3,10,False,,"(9, 6, 2)",2026-08-29T16:30:44+00:00,
a1_refine_scaling,229,interaction,fragmented_icosphere,500,500000,500,0,False,0,1,,240.0,14.8078,2019.2,225000,448000,225000,448000,1.0,,14.8002,ok,13.3418,0.1493,0.0,1.3091,12th Gen Intel(R) Core(TM) i7-1255U,12,15.68,Windows-10-10.0.26200-SP0,3.11.15,1.26.4,1.17.1,4.12.2,0.48.4,5.0.0,2.11.0+cu128,50414c3,10,False,,"(9, 6, 2)",2026-08-29T16:30:44+00:00,
a1_refine_scaling,230,interaction,fragmented_icosphere,500,500000,500,0,False,0,2,,240.0,15.6611,2019.2,225000,448000,225000,448000,1.0,,15.652,ok,13.8907,0.1489,0.0,1.6124,12th Gen Intel(R) Core(TM) i7-1255U,12,15.68,Windows-10-10.0.26200-SP0,3.11.15,1.26.4,1.17.1,4.12.2,0.48.4,5.0.0,2.11.0+cu128,50414c3,10,False,,"(9, 6, 2)",2026-08-29T16:30:44+00:00,
a1_refine_scaling,231,interaction,fragmented_icosphere,1000,1000000,1000,0,False,0,0,,240.0,50.8428,2019.2,450000,896000,450000,896000,1.0,,50.8344,ok,48.3612,0.3071,0.0,2.1661,12th Gen Intel(R) Core(TM) i7-1255U,12,15.68,Windows-10-10.0.26200-SP0,3.11.15,1.26.4,1.17.1,4.12.2,0.48.4,5.0.0,2.11.0+cu128,50414c3,10,False,,"(9, 6, 2)",2026-08-29T16:30:44+00:00,
a1_refine_scaling,232,interaction,fragmented_icosphere,1000,1000000,1000,0,False,0,1,,240.0,40.5793,2019.2,450000,896000,450000,896000,1.0,,40.5679,ok,37.236,0.2678,0.0,3.0641,12th Gen Intel(R) Core(TM) i7-1255U,12,15.68,Windows-10-10.0.26200-SP0,3.11.15,1.26.4,1.17.1,4.12.2,0.48.4,5.0.0,2.11.0+cu128,50414c3,10,False,,"(9, 6, 2)",2026-08-29T16:30:44+00:00,
a1_refine_scaling,233,interaction,fragmented_icosphere,1000,1000000,1000,0,False,0,2,,240.0,52.6284,2019.2,450000,896000,450000,896000,1.0,,52.6175,ok,48.9795,0.3237,0.0,3.3143,12th Gen Intel(R) Core(TM) i7-1255U,12,15.68,Windows-10-10.0.26200-SP0,3.11.15,1.26.4,1.17.1,4.12.2,0.48.4,5.0.0,2.11.0+cu128,50414c3,10,False,,"(9, 6, 2)",2026-08-29T16:30:44+00:00,
a1_refine_scaling,234,interaction,fragmented_icosphere,1000,2500000,1000,0,False,0,0,,240.0,143.2854,2019.2,1250000,2496000,1250000,2496000,1.0,,143.268,ok,125.313,0.7863,0.0,17.1687,12th Gen Intel(R) Core(TM) i7-1255U,12,15.68,Windows-10-10.0.26200-SP0,3.11.15,1.26.4,1.17.1,4.12.2,0.48.4,5.0.0,2.11.0+cu128,50414c3,10,False,,"(9, 6, 2)",2026-08-29T16:30:44+00:00,
a1_refine_scaling,235,interaction,fragmented_icosphere,1000,2500000,1000,0,False,0,1,,240.0,143.1402,2019.2,1250000,2496000,1250000,2496000,1.0,,143.119,ok,124.997,0.7154,0.0,17.4066,12th Gen Intel(R) Core(TM) i7-1255U,12,15.68,Windows-10-10.0.26200-SP0,3.11.15,1.26.4,1.17.1,4.12.2,0.48.4,5.0.0,2.11.0+cu128,50414c3,10,False,,"(9, 6, 2)",2026-08-29T16:30:44+00:00,
a1_refine_scaling,236,interaction,fragmented_icosphere,1000,2500000,1000,0,False,0,2,,240.0,138.5936,2019.2,1250000,2496000,1250000,2496000,1.0,,138.5746,ok,120.5497,0.689,0.0,17.3359,12th Gen Intel(R) Core(TM) i7-1255U,12,15.68,Windows-10-10.0.26200-SP0,3.11.15,1.26.4,1.17.1,4.12.2,0.48.4,5.0.0,2.11.0+cu128,50414c3,10,False,,"(9, 6, 2)",2026-08-29T16:30:44+00:00,
