exp_id,row_index,motion_fraction,magnitude,pan_speed_px,threshold_variant,seed,video_seconds,video_fps,strategy,n_selected,budget_concentration,rate_inside_fps,rate_outside_fps,largest_unsampled_gap_s,redundancy_distance,env_cpu,env_cpu_count_logical,env_ram_gb,env_os,env_python,env_numpy,env_scipy,env_trimesh,env_pyvista,env_opencv,env_torch,env_git_commit,env_torch_threads,env_cuda_available,env_gpu,env_vtk,env_run_started_utc
a7_motion_sampling,0,0.1,slow,5,shipped,0,30,24,adaptive,33,0.1212,1.3333,1.0741,1.0,0.012608,12th Gen Intel(R) Core(TM) i7-1255U,12,15.68,Windows-10-10.0.26200-SP0,3.11.15,2.4.6,1.17.1,4.12.2,0.48.4,5.0.0,2.13.0+cpu,fd20710,10,False,,"(9, 6, 2)",2026-08-27T19:58:30+00:00
a7_motion_sampling,1,0.1,slow,5,shipped,0,30,24,uniform_matched,33,0.0909,1.0,1.1111,0.9583,0.011619,12th Gen Intel(R) Core(TM) i7-1255U,12,15.68,Windows-10-10.0.26200-SP0,3.11.15,2.4.6,1.17.1,4.12.2,0.48.4,5.0.0,2.13.0+cpu,fd20710,10,False,,"(9, 6, 2)",2026-08-27T19:58:30+00:00
a7_motion_sampling,2,0.1,slow,5,intervals_2x,0,30,24,adaptive,17,0.1176,0.6667,0.5556,2.0,0.012857,12th Gen Intel(R) Core(TM) i7-1255U,12,15.68,Windows-10-10.0.26200-SP0,3.11.15,2.4.6,1.17.1,4.12.2,0.48.4,5.0.0,2.13.0+cpu,fd20710,10,False,,"(9, 6, 2)",2026-08-27T19:58:30+00:00
a7_motion_sampling,3,0.1,slow,5,intervals_2x,0,30,24,uniform_matched,17,0.1176,0.6667,0.5556,1.875,0.012484,12th Gen Intel(R) Core(TM) i7-1255U,12,15.68,Windows-10-10.0.26200-SP0,3.11.15,2.4.6,1.17.1,4.12.2,0.48.4,5.0.0,2.13.0+cpu,fd20710,10,False,,"(9, 6, 2)",2026-08-27T19:58:30+00:00
a7_motion_sampling,4,0.1,slow,5,intervals_half,0,30,24,adaptive,66,0.1515,3.3333,2.0741,0.5,0.012308,12th Gen Intel(R) Core(TM) i7-1255U,12,15.68,Windows-10-10.0.26200-SP0,3.11.15,2.4.6,1.17.1,4.12.2,0.48.4,5.0.0,2.13.0+cpu,fd20710,10,False,,"(9, 6, 2)",2026-08-27T19:58:30+00:00
a7_motion_sampling,5,0.1,slow,5,intervals_half,0,30,24,uniform_matched,66,0.0909,2.0,2.2222,0.5,0.011286,12th Gen Intel(R) Core(TM) i7-1255U,12,15.68,Windows-10-10.0.26200-SP0,3.11.15,2.4.6,1.17.1,4.12.2,0.48.4,5.0.0,2.13.0+cpu,fd20710,10,False,,"(9, 6, 2)",2026-08-27T19:58:30+00:00
a7_motion_sampling,6,0.1,slow,5,shipped,1,30,24,adaptive,33,0.1212,1.3333,1.0741,1.0,0.013579,12th Gen Intel(R) Core(TM) i7-1255U,12,15.68,Windows-10-10.0.26200-SP0,3.11.15,2.4.6,1.17.1,4.12.2,0.48.4,5.0.0,2.13.0+cpu,fd20710,10,False,,"(9, 6, 2)",2026-08-27T19:58:30+00:00
a7_motion_sampling,7,0.1,slow,5,shipped,1,30,24,uniform_matched,33,0.0909,1.0,1.1111,0.9583,0.012854,12th Gen Intel(R) Core(TM) i7-1255U,12,15.68,Windows-10-10.0.26200-SP0,3.11.15,2.4.6,1.17.1,4.12.2,0.48.4,5.0.0,2.13.0+cpu,fd20710,10,False,,"(9, 6, 2)",2026-08-27T19:58:30+00:00
a7_motion_sampling,8,0.1,slow,5,intervals_2x,1,30,24,adaptive,17,0.1176,0.6667,0.5556,2.0,0.014423,12th Gen Intel(R) Core(TM) i7-1255U,12,15.68,Windows-10-10.0.26200-SP0,3.11.15,2.4.6,1.17.1,4.12.2,0.48.4,5.0.0,2.13.0+cpu,fd20710,10,False,,"(9, 6, 2)",2026-08-27T19:58:30+00:00
a7_motion_sampling,9,0.1,slow,5,intervals_2x,1,30,24,uniform_matched,17,0.1176,0.6667,0.5556,1.875,0.01364,12th Gen Intel(R) Core(TM) i7-1255U,12,15.68,Windows-10-10.0.26200-SP0,3.11.15,2.4.6,1.17.1,4.12.2,0.48.4,5.0.0,2.13.0+cpu,fd20710,10,False,,"(9, 6, 2)",2026-08-27T19:58:30+00:00
a7_motion_sampling,10,0.1,slow,5,intervals_half,1,30,24,adaptive,66,0.1515,3.3333,2.0741,0.5,0.013412,12th Gen Intel(R) Core(TM) i7-1255U,12,15.68,Windows-10-10.0.26200-SP0,3.11.15,2.4.6,1.17.1,4.12.2,0.48.4,5.0.0,2.13.0+cpu,fd20710,10,False,,"(9, 6, 2)",2026-08-27T19:58:30+00:00
a7_motion_sampling,11,0.1,slow,5,intervals_half,1,30,24,uniform_matched,66,0.0909,2.0,2.2222,0.5,0.012715,12th Gen Intel(R) Core(TM) i7-1255U,12,15.68,Windows-10-10.0.26200-SP0,3.11.15,2.4.6,1.17.1,4.12.2,0.48.4,5.0.0,2.13.0+cpu,fd20710,10,False,,"(9, 6, 2)",2026-08-27T19:58:30+00:00
a7_motion_sampling,12,0.1,slow,5,shipped,2,30,24,adaptive,33,0.1212,1.3333,1.0741,1.0,0.007259,12th Gen Intel(R) Core(TM) i7-1255U,12,15.68,Windows-10-10.0.26200-SP0,3.11.15,2.4.6,1.17.1,4.12.2,0.48.4,5.0.0,2.13.0+cpu,fd20710,10,False,,"(9, 6, 2)",2026-08-27T19:58:30+00:00
a7_motion_sampling,13,0.1,slow,5,shipped,2,30,24,uniform_matched,33,0.0909,1.0,1.1111,0.9583,0.006894,12th Gen Intel(R) Core(TM) i7-1255U,12,15.68,Windows-10-10.0.26200-SP0,3.11.15,2.4.6,1.17.1,4.12.2,0.48.4,5.0.0,2.13.0+cpu,fd20710,10,False,,"(9, 6, 2)",2026-08-27T19:58:30+00:00
a7_motion_sampling,14,0.1,slow,5,intervals_2x,2,30,24,adaptive,17,0.1176,0.6667,0.5556,2.0,0.007439,12th Gen Intel(R) Core(TM) i7-1255U,12,15.68,Windows-10-10.0.26200-SP0,3.11.15,2.4.6,1.17.1,4.12.2,0.48.4,5.0.0,2.13.0+cpu,fd20710,10,False,,"(9, 6, 2)",2026-08-27T19:58:30+00:00
a7_motion_sampling,15,0.1,slow,5,intervals_2x,2,30,24,uniform_matched,17,0.1176,0.6667,0.5556,1.875,0.007382,12th Gen Intel(R) Core(TM) i7-1255U,12,15.68,Windows-10-10.0.26200-SP0,3.11.15,2.4.6,1.17.1,4.12.2,0.48.4,5.0.0,2.13.0+cpu,fd20710,10,False,,"(9, 6, 2)",2026-08-27T19:58:30+00:00
a7_motion_sampling,16,0.1,slow,5,intervals_half,2,30,24,adaptive,66,0.1515,3.3333,2.0741,0.5,0.007132,12th Gen Intel(R) Core(TM) i7-1255U,12,15.68,Windows-10-10.0.26200-SP0,3.11.15,2.4.6,1.17.1,4.12.2,0.48.4,5.0.0,2.13.0+cpu,fd20710,10,False,,"(9, 6, 2)",2026-08-27T19:58:30+00:00
a7_motion_sampling,17,0.1,slow,5,intervals_half,2,30,24,uniform_matched,66,0.0909,2.0,2.2222,0.5,0.006715,12th Gen Intel(R) Core(TM) i7-1255U,12,15.68,Windows-10-10.0.26200-SP0,3.11.15,2.4.6,1.17.1,4.12.2,0.48.4,5.0.0,2.13.0+cpu,fd20710,10,False,,"(9, 6, 2)",2026-08-27T19:58:30+00:00
a7_motion_sampling,18,0.1,fast,14,shipped,0,30,24,adaptive,40,0.3,4.0,1.037,1.0,0.011704,12th Gen Intel(R) Core(TM) i7-1255U,12,15.68,Windows-10-10.0.26200-SP0,3.11.15,2.4.6,1.17.1,4.12.2,0.48.4,5.0.0,2.13.0+cpu,fd20710,10,False,,"(9, 6, 2)",2026-08-27T19:58:30+00:00
a7_motion_sampling,19,0.1,fast,14,shipped,0,30,24,uniform_matched,40,0.1,1.3333,1.3333,0.7917,0.009048,12th Gen Intel(R) Core(TM) i7-1255U,12,15.68,Windows-10-10.0.26200-SP0,3.11.15,2.4.6,1.17.1,4.12.2,0.48.4,5.0.0,2.13.0+cpu,fd20710,10,False,,"(9, 6, 2)",2026-08-27T19:58:30+00:00
a7_motion_sampling,20,0.1,fast,14,intervals_2x,0,30,24,adaptive,21,0.2857,2.0,0.5556,2.0,0.012577,12th Gen Intel(R) Core(TM) i7-1255U,12,15.68,Windows-10-10.0.26200-SP0,3.11.15,2.4.6,1.17.1,4.12.2,0.48.4,5.0.0,2.13.0+cpu,fd20710,10,False,,"(9, 6, 2)",2026-08-27T19:58:30+00:00
a7_motion_sampling,21,0.1,fast,14,intervals_2x,0,30,24,uniform_matched,21,0.0952,0.6667,0.7037,1.5,0.008256,12th Gen Intel(R) Core(TM) i7-1255U,12,15.68,Windows-10-10.0.26200-SP0,3.11.15,2.4.6,1.17.1,4.12.2,0.48.4,5.0.0,2.13.0+cpu,fd20710,10,False,,"(9, 6, 2)",2026-08-27T19:58:30+00:00
a7_motion_sampling,22,0.1,fast,14,intervals_half,0,30,24,adaptive,77,0.2857,7.3333,2.037,0.5,0.011289,12th Gen Intel(R) Core(TM) i7-1255U,12,15.68,Windows-10-10.0.26200-SP0,3.11.15,2.4.6,1.17.1,4.12.2,0.48.4,5.0.0,2.13.0+cpu,fd20710,10,False,,"(9, 6, 2)",2026-08-27T19:58:30+00:00
a7_motion_sampling,23,0.1,fast,14,intervals_half,0,30,24,uniform_matched,77,0.1039,2.6667,2.5556,0.4167,0.00891,12th Gen Intel(R) Core(TM) i7-1255U,12,15.68,Windows-10-10.0.26200-SP0,3.11.15,2.4.6,1.17.1,4.12.2,0.48.4,5.0.0,2.13.0+cpu,fd20710,10,False,,"(9, 6, 2)",2026-08-27T19:58:30+00:00
a7_motion_sampling,24,0.1,fast,14,shipped,1,30,24,adaptive,37,0.2432,3.0,1.037,1.0,0.012432,12th Gen Intel(R) Core(TM) i7-1255U,12,15.68,Windows-10-10.0.26200-SP0,3.11.15,2.4.6,1.17.1,4.12.2,0.48.4,5.0.0,2.13.0+cpu,fd20710,10,False,,"(9, 6, 2)",2026-08-27T19:58:30+00:00
a7_motion_sampling,25,0.1,fast,14,shipped,1,30,24,uniform_matched,37,0.1081,1.3333,1.2222,0.8333,0.010122,12th Gen Intel(R) Core(TM) i7-1255U,12,15.68,Windows-10-10.0.26200-SP0,3.11.15,2.4.6,1.17.1,4.12.2,0.48.4,5.0.0,2.13.0+cpu,fd20710,10,False,,"(9, 6, 2)",2026-08-27T19:58:30+00:00
a7_motion_sampling,26,0.1,fast,14,intervals_2x,1,30,24,adaptive,20,0.25,1.6667,0.5556,2.0,0.012362,12th Gen Intel(R) Core(TM) i7-1255U,12,15.68,Windows-10-10.0.26200-SP0,3.11.15,2.4.6,1.17.1,4.12.2,0.48.4,5.0.0,2.13.0+cpu,fd20710,10,False,,"(9, 6, 2)",2026-08-27T19:58:30+00:00
a7_motion_sampling,27,0.1,fast,14,intervals_2x,1,30,24,uniform_matched,20,0.1,0.6667,0.6667,1.5833,0.010723,12th Gen Intel(R) Core(TM) i7-1255U,12,15.68,Windows-10-10.0.26200-SP0,3.11.15,2.4.6,1.17.1,4.12.2,0.48.4,5.0.0,2.13.0+cpu,fd20710,10,False,,"(9, 6, 2)",2026-08-27T19:58:30+00:00
a7_motion_sampling,28,0.1,fast,14,intervals_half,1,30,24,adaptive,73,0.2466,6.0,2.037,0.5,0.011975,12th Gen Intel(R) Core(TM) i7-1255U,12,15.68,Windows-10-10.0.26200-SP0,3.11.15,2.4.6,1.17.1,4.12.2,0.48.4,5.0.0,2.13.0+cpu,fd20710,10,False,,"(9, 6, 2)",2026-08-27T19:58:30+00:00
a7_motion_sampling,29,0.1,fast,14,intervals_half,1,30,24,uniform_matched,73,0.0959,2.3333,2.4444,0.4167,0.010009,12th Gen Intel(R) Core(TM) i7-1255U,12,15.68,Windows-10-10.0.26200-SP0,3.11.15,2.4.6,1.17.1,4.12.2,0.48.4,5.0.0,2.13.0+cpu,fd20710,10,False,,"(9, 6, 2)",2026-08-27T19:58:30+00:00
a7_motion_sampling,30,0.1,fast,14,shipped,2,30,24,adaptive,35,0.2,2.3333,1.037,1.0,0.006329,12th Gen Intel(R) Core(TM) i7-1255U,12,15.68,Windows-10-10.0.26200-SP0,3.11.15,2.4.6,1.17.1,4.12.2,0.48.4,5.0.0,2.13.0+cpu,fd20710,10,False,,"(9, 6, 2)",2026-08-27T19:58:30+00:00
a7_motion_sampling,31,0.1,fast,14,shipped,2,30,24,uniform_matched,35,0.0857,1.0,1.1852,0.9167,0.005697,12th Gen Intel(R) Core(TM) i7-1255U,12,15.68,Windows-10-10.0.26200-SP0,3.11.15,2.4.6,1.17.1,4.12.2,0.48.4,5.0.0,2.13.0+cpu,fd20710,10,False,,"(9, 6, 2)",2026-08-27T19:58:30+00:00
a7_motion_sampling,32,0.1,fast,14,intervals_2x,2,30,24,adaptive,18,0.2222,1.3333,0.5185,2.0,0.005849,12th Gen Intel(R) Core(TM) i7-1255U,12,15.68,Windows-10-10.0.26200-SP0,3.11.15,2.4.6,1.17.1,4.12.2,0.48.4,5.0.0,2.13.0+cpu,fd20710,10,False,,"(9, 6, 2)",2026-08-27T19:58:30+00:00
a7_motion_sampling,33,0.1,fast,14,intervals_2x,2,30,24,uniform_matched,18,0.1111,0.6667,0.5926,1.7917,0.005976,12th Gen Intel(R) Core(TM) i7-1255U,12,15.68,Windows-10-10.0.26200-SP0,3.11.15,2.4.6,1.17.1,4.12.2,0.48.4,5.0.0,2.13.0+cpu,fd20710,10,False,,"(9, 6, 2)",2026-08-27T19:58:30+00:00
a7_motion_sampling,34,0.1,fast,14,intervals_half,2,30,24,adaptive,68,0.1912,4.3333,2.037,0.5,0.006532,12th Gen Intel(R) Core(TM) i7-1255U,12,15.68,Windows-10-10.0.26200-SP0,3.11.15,2.4.6,1.17.1,4.12.2,0.48.4,5.0.0,2.13.0+cpu,fd20710,10,False,,"(9, 6, 2)",2026-08-27T19:58:30+00:00
a7_motion_sampling,35,0.1,fast,14,intervals_half,2,30,24,uniform_matched,68,0.0882,2.0,2.2963,0.4583,0.00552,12th Gen Intel(R) Core(TM) i7-1255U,12,15.68,Windows-10-10.0.26200-SP0,3.11.15,2.4.6,1.17.1,4.12.2,0.48.4,5.0.0,2.13.0+cpu,fd20710,10,False,,"(9, 6, 2)",2026-08-27T19:58:30+00:00
a7_motion_sampling,36,0.3,slow,5,shipped,0,30,24,adaptive,40,0.425,1.8889,1.0952,1.0,0.013497,12th Gen Intel(R) Core(TM) i7-1255U,12,15.68,Windows-10-10.0.26200-SP0,3.11.15,2.4.6,1.17.1,4.12.2,0.48.4,5.0.0,2.13.0+cpu,fd20710,10,False,,"(9, 6, 2)",2026-08-27T19:58:30+00:00
a7_motion_sampling,37,0.3,slow,5,shipped,0,30,24,uniform_matched,40,0.3,1.3333,1.3333,0.7917,0.01232,12th Gen Intel(R) Core(TM) i7-1255U,12,15.68,Windows-10-10.0.26200-SP0,3.11.15,2.4.6,1.17.1,4.12.2,0.48.4,5.0.0,2.13.0+cpu,fd20710,10,False,,"(9, 6, 2)",2026-08-27T19:58:30+00:00
a7_motion_sampling,38,0.3,slow,5,intervals_2x,0,30,24,adaptive,20,0.45,1.0,0.5238,2.0,0.013606,12th Gen Intel(R) Core(TM) i7-1255U,12,15.68,Windows-10-10.0.26200-SP0,3.11.15,2.4.6,1.17.1,4.12.2,0.48.4,5.0.0,2.13.0+cpu,fd20710,10,False,,"(9, 6, 2)",2026-08-27T19:58:30+00:00
a7_motion_sampling,39,0.3,slow,5,intervals_2x,0,30,24,uniform_matched,20,0.3,0.6667,0.6667,1.5833,0.012945,12th Gen Intel(R) Core(TM) i7-1255U,12,15.68,Windows-10-10.0.26200-SP0,3.11.15,2.4.6,1.17.1,4.12.2,0.48.4,5.0.0,2.13.0+cpu,fd20710,10,False,,"(9, 6, 2)",2026-08-27T19:58:30+00:00
a7_motion_sampling,40,0.3,slow,5,intervals_half,0,30,24,adaptive,79,0.443,3.8889,2.0952,0.5,0.013386,12th Gen Intel(R) Core(TM) i7-1255U,12,15.68,Windows-10-10.0.26200-SP0,3.11.15,2.4.6,1.17.1,4.12.2,0.48.4,5.0.0,2.13.0+cpu,fd20710,10,False,,"(9, 6, 2)",2026-08-27T19:58:30+00:00
a7_motion_sampling,41,0.3,slow,5,intervals_half,0,30,24,uniform_matched,79,0.3038,2.6667,2.619,0.4167,0.012379,12th Gen Intel(R) Core(TM) i7-1255U,12,15.68,Windows-10-10.0.26200-SP0,3.11.15,2.4.6,1.17.1,4.12.2,0.48.4,5.0.0,2.13.0+cpu,fd20710,10,False,,"(9, 6, 2)",2026-08-27T19:58:30+00:00
a7_motion_sampling,42,0.3,slow,5,shipped,1,30,24,adaptive,40,0.425,1.8889,1.0952,1.0,0.013001,12th Gen Intel(R) Core(TM) i7-1255U,12,15.68,Windows-10-10.0.26200-SP0,3.11.15,2.4.6,1.17.1,4.12.2,0.48.4,5.0.0,2.13.0+cpu,fd20710,10,False,,"(9, 6, 2)",2026-08-27T19:58:30+00:00
a7_motion_sampling,43,0.3,slow,5,shipped,1,30,24,uniform_matched,40,0.3,1.3333,1.3333,0.7917,0.012411,12th Gen Intel(R) Core(TM) i7-1255U,12,15.68,Windows-10-10.0.26200-SP0,3.11.15,2.4.6,1.17.1,4.12.2,0.48.4,5.0.0,2.13.0+cpu,fd20710,10,False,,"(9, 6, 2)",2026-08-27T19:58:30+00:00
a7_motion_sampling,44,0.3,slow,5,intervals_2x,1,30,24,adaptive,20,0.45,1.0,0.5238,2.0,0.013493,12th Gen Intel(R) Core(TM) i7-1255U,12,15.68,Windows-10-10.0.26200-SP0,3.11.15,2.4.6,1.17.1,4.12.2,0.48.4,5.0.0,2.13.0+cpu,fd20710,10,False,,"(9, 6, 2)",2026-08-27T19:58:30+00:00
a7_motion_sampling,45,0.3,slow,5,intervals_2x,1,30,24,uniform_matched,20,0.3,0.6667,0.6667,1.5833,0.012797,12th Gen Intel(R) Core(TM) i7-1255U,12,15.68,Windows-10-10.0.26200-SP0,3.11.15,2.4.6,1.17.1,4.12.2,0.48.4,5.0.0,2.13.0+cpu,fd20710,10,False,,"(9, 6, 2)",2026-08-27T19:58:30+00:00
a7_motion_sampling,46,0.3,slow,5,intervals_half,1,30,24,adaptive,79,0.443,3.8889,2.0952,0.5,0.012913,12th Gen Intel(R) Core(TM) i7-1255U,12,15.68,Windows-10-10.0.26200-SP0,3.11.15,2.4.6,1.17.1,4.12.2,0.48.4,5.0.0,2.13.0+cpu,fd20710,10,False,,"(9, 6, 2)",2026-08-27T19:58:30+00:00
a7_motion_sampling,47,0.3,slow,5,intervals_half,1,30,24,uniform_matched,79,0.3038,2.6667,2.619,0.4167,0.012387,12th Gen Intel(R) Core(TM) i7-1255U,12,15.68,Windows-10-10.0.26200-SP0,3.11.15,2.4.6,1.17.1,4.12.2,0.48.4,5.0.0,2.13.0+cpu,fd20710,10,False,,"(9, 6, 2)",2026-08-27T19:58:30+00:00
a7_motion_sampling,48,0.3,slow,5,shipped,2,30,24,adaptive,39,0.4103,1.7778,1.0952,1.0,0.0092,12th Gen Intel(R) Core(TM) i7-1255U,12,15.68,Windows-10-10.0.26200-SP0,3.11.15,2.4.6,1.17.1,4.12.2,0.48.4,5.0.0,2.13.0+cpu,fd20710,10,False,,"(9, 6, 2)",2026-08-27T19:58:30+00:00
a7_motion_sampling,49,0.3,slow,5,shipped,2,30,24,uniform_matched,39,0.3077,1.3333,1.2857,0.7917,0.008223,12th Gen Intel(R) Core(TM) i7-1255U,12,15.68,Windows-10-10.0.26200-SP0,3.11.15,2.4.6,1.17.1,4.12.2,0.48.4,5.0.0,2.13.0+cpu,fd20710,10,False,,"(9, 6, 2)",2026-08-27T19:58:30+00:00
a7_motion_sampling,50,0.3,slow,5,intervals_2x,2,30,24,adaptive,19,0.4211,0.8889,0.5238,2.0,0.00926,12th Gen Intel(R) Core(TM) i7-1255U,12,15.68,Windows-10-10.0.26200-SP0,3.11.15,2.4.6,1.17.1,4.12.2,0.48.4,5.0.0,2.13.0+cpu,fd20710,10,False,,"(9, 6, 2)",2026-08-27T19:58:30+00:00
a7_motion_sampling,51,0.3,slow,5,intervals_2x,2,30,24,uniform_matched,19,0.3158,0.6667,0.619,1.6667,0.008228,12th Gen Intel(R) Core(TM) i7-1255U,12,15.68,Windows-10-10.0.26200-SP0,3.11.15,2.4.6,1.17.1,4.12.2,0.48.4,5.0.0,2.13.0+cpu,fd20710,10,False,,"(9, 6, 2)",2026-08-27T19:58:30+00:00
a7_motion_sampling,52,0.3,slow,5,intervals_half,2,30,24,adaptive,78,0.4359,3.7778,2.0952,0.5,0.009081,12th Gen Intel(R) Core(TM) i7-1255U,12,15.68,Windows-10-10.0.26200-SP0,3.11.15,2.4.6,1.17.1,4.12.2,0.48.4,5.0.0,2.13.0+cpu,fd20710,10,False,,"(9, 6, 2)",2026-08-27T19:58:30+00:00
a7_motion_sampling,53,0.3,slow,5,intervals_half,2,30,24,uniform_matched,78,0.2949,2.5556,2.619,0.4167,0.008126,12th Gen Intel(R) Core(TM) i7-1255U,12,15.68,Windows-10-10.0.26200-SP0,3.11.15,2.4.6,1.17.1,4.12.2,0.48.4,5.0.0,2.13.0+cpu,fd20710,10,False,,"(9, 6, 2)",2026-08-27T19:58:30+00:00
a7_motion_sampling,54,0.3,fast,14,shipped,0,30,24,adaptive,56,0.5893,3.6667,1.0952,1.0,0.014714,12th Gen Intel(R) Core(TM) i7-1255U,12,15.68,Windows-10-10.0.26200-SP0,3.11.15,2.4.6,1.17.1,4.12.2,0.48.4,5.0.0,2.13.0+cpu,fd20710,10,False,,"(9, 6, 2)",2026-08-27T19:58:30+00:00
a7_motion_sampling,55,0.3,fast,14,shipped,0,30,24,uniform_matched,56,0.2857,1.7778,1.9048,0.5833,0.012281,12th Gen Intel(R) Core(TM) i7-1255U,12,15.68,Windows-10-10.0.26200-SP0,3.11.15,2.4.6,1.17.1,4.12.2,0.48.4,5.0.0,2.13.0+cpu,fd20710,10,False,,"(9, 6, 2)",2026-08-27T19:58:30+00:00
a7_motion_sampling,56,0.3,fast,14,intervals_2x,0,30,24,adaptive,30,0.6,2.0,0.5714,2.0,0.014997,12th Gen Intel(R) Core(TM) i7-1255U,12,15.68,Windows-10-10.0.26200-SP0,3.11.15,2.4.6,1.17.1,4.12.2,0.48.4,5.0.0,2.13.0+cpu,fd20710,10,False,,"(9, 6, 2)",2026-08-27T19:58:30+00:00
a7_motion_sampling,57,0.3,fast,14,intervals_2x,0,30,24,uniform_matched,30,0.2667,0.8889,1.0476,1.0417,0.012484,12th Gen Intel(R) Core(TM) i7-1255U,12,15.68,Windows-10-10.0.26200-SP0,3.11.15,2.4.6,1.17.1,4.12.2,0.48.4,5.0.0,2.13.0+cpu,fd20710,10,False,,"(9, 6, 2)",2026-08-27T19:58:30+00:00
a7_motion_sampling,58,0.3,fast,14,intervals_half,0,30,24,adaptive,105,0.581,6.7778,2.0952,0.5,0.014489,12th Gen Intel(R) Core(TM) i7-1255U,12,15.68,Windows-10-10.0.26200-SP0,3.11.15,2.4.6,1.17.1,4.12.2,0.48.4,5.0.0,2.13.0+cpu,fd20710,10,False,,"(9, 6, 2)",2026-08-27T19:58:30+00:00
a7_motion_sampling,59,0.3,fast,14,intervals_half,0,30,24,uniform_matched,105,0.3048,3.5556,3.4762,0.2917,0.011999,12th Gen Intel(R) Core(TM) i7-1255U,12,15.68,Windows-10-10.0.26200-SP0,3.11.15,2.4.6,1.17.1,4.12.2,0.48.4,5.0.0,2.13.0+cpu,fd20710,10,False,,"(9, 6, 2)",2026-08-27T19:58:30+00:00
a7_motion_sampling,60,0.3,fast,14,shipped,1,30,24,adaptive,50,0.54,3.0,1.0952,1.0,0.014801,12th Gen Intel(R) Core(TM) i7-1255U,12,15.68,Windows-10-10.0.26200-SP0,3.11.15,2.4.6,1.17.1,4.12.2,0.48.4,5.0.0,2.13.0+cpu,fd20710,10,False,,"(9, 6, 2)",2026-08-27T19:58:30+00:00
a7_motion_sampling,61,0.3,fast,14,shipped,1,30,24,uniform_matched,50,0.28,1.5556,1.7143,0.625,0.011899,12th Gen Intel(R) Core(TM) i7-1255U,12,15.68,Windows-10-10.0.26200-SP0,3.11.15,2.4.6,1.17.1,4.12.2,0.48.4,5.0.0,2.13.0+cpu,fd20710,10,False,,"(9, 6, 2)",2026-08-27T19:58:30+00:00
a7_motion_sampling,62,0.3,fast,14,intervals_2x,1,30,24,adaptive,27,0.5185,1.5556,0.619,2.0,0.01458,12th Gen Intel(R) Core(TM) i7-1255U,12,15.68,Windows-10-10.0.26200-SP0,3.11.15,2.4.6,1.17.1,4.12.2,0.48.4,5.0.0,2.13.0+cpu,fd20710,10,False,,"(9, 6, 2)",2026-08-27T19:58:30+00:00
a7_motion_sampling,63,0.3,fast,14,intervals_2x,1,30,24,uniform_matched,27,0.2963,0.8889,0.9048,1.1667,0.012302,12th Gen Intel(R) Core(TM) i7-1255U,12,15.68,Windows-10-10.0.26200-SP0,3.11.15,2.4.6,1.17.1,4.12.2,0.48.4,5.0.0,2.13.0+cpu,fd20710,10,False,,"(9, 6, 2)",2026-08-27T19:58:30+00:00
a7_motion_sampling,64,0.3,fast,14,intervals_half,1,30,24,adaptive,92,0.5326,5.4444,2.0476,0.5,0.014396,12th Gen Intel(R) Core(TM) i7-1255U,12,15.68,Windows-10-10.0.26200-SP0,3.11.15,2.4.6,1.17.1,4.12.2,0.48.4,5.0.0,2.13.0+cpu,fd20710,10,False,,"(9, 6, 2)",2026-08-27T19:58:30+00:00
a7_motion_sampling,65,0.3,fast,14,intervals_half,1,30,24,uniform_matched,92,0.3043,3.1111,3.0476,0.3333,0.012196,12th Gen Intel(R) Core(TM) i7-1255U,12,15.68,Windows-10-10.0.26200-SP0,3.11.15,2.4.6,1.17.1,4.12.2,0.48.4,5.0.0,2.13.0+cpu,fd20710,10,False,,"(9, 6, 2)",2026-08-27T19:58:30+00:00
a7_motion_sampling,66,0.3,fast,14,shipped,2,30,24,adaptive,43,0.4651,2.2222,1.0952,1.0,0.009385,12th Gen Intel(R) Core(TM) i7-1255U,12,15.68,Windows-10-10.0.26200-SP0,3.11.15,2.4.6,1.17.1,4.12.2,0.48.4,5.0.0,2.13.0+cpu,fd20710,10,False,,"(9, 6, 2)",2026-08-27T19:58:30+00:00
a7_motion_sampling,67,0.3,fast,14,shipped,2,30,24,uniform_matched,43,0.2791,1.3333,1.4762,0.75,0.008531,12th Gen Intel(R) Core(TM) i7-1255U,12,15.68,Windows-10-10.0.26200-SP0,3.11.15,2.4.6,1.17.1,4.12.2,0.48.4,5.0.0,2.13.0+cpu,fd20710,10,False,,"(9, 6, 2)",2026-08-27T19:58:30+00:00
a7_motion_sampling,68,0.3,fast,14,intervals_2x,2,30,24,adaptive,22,0.4545,1.1111,0.5714,2.0,0.00934,12th Gen Intel(R) Core(TM) i7-1255U,12,15.68,Windows-10-10.0.26200-SP0,3.11.15,2.4.6,1.17.1,4.12.2,0.48.4,5.0.0,2.13.0+cpu,fd20710,10,False,,"(9, 6, 2)",2026-08-27T19:58:30+00:00
a7_motion_sampling,69,0.3,fast,14,intervals_2x,2,30,24,uniform_matched,22,0.2727,0.6667,0.7619,1.4583,0.00855,12th Gen Intel(R) Core(TM) i7-1255U,12,15.68,Windows-10-10.0.26200-SP0,3.11.15,2.4.6,1.17.1,4.12.2,0.48.4,5.0.0,2.13.0+cpu,fd20710,10,False,,"(9, 6, 2)",2026-08-27T19:58:30+00:00
a7_motion_sampling,70,0.3,fast,14,intervals_half,2,30,24,adaptive,81,0.4691,4.2222,2.0476,0.5,0.009184,12th Gen Intel(R) Core(TM) i7-1255U,12,15.68,Windows-10-10.0.26200-SP0,3.11.15,2.4.6,1.17.1,4.12.2,0.48.4,5.0.0,2.13.0+cpu,fd20710,10,False,,"(9, 6, 2)",2026-08-27T19:58:30+00:00
a7_motion_sampling,71,0.3,fast,14,intervals_half,2,30,24,uniform_matched,81,0.2963,2.6667,2.7143,0.375,0.008389,12th Gen Intel(R) Core(TM) i7-1255U,12,15.68,Windows-10-10.0.26200-SP0,3.11.15,2.4.6,1.17.1,4.12.2,0.48.4,5.0.0,2.13.0+cpu,fd20710,10,False,,"(9, 6, 2)",2026-08-27T19:58:30+00:00
a7_motion_sampling,72,0.6,slow,5,shipped,0,30,24,adaptive,50,0.72,2.0,1.1667,1.0,0.015191,12th Gen Intel(R) Core(TM) i7-1255U,12,15.68,Windows-10-10.0.26200-SP0,3.11.15,2.4.6,1.17.1,4.12.2,0.48.4,5.0.0,2.13.0+cpu,fd20710,10,False,,"(9, 6, 2)",2026-08-27T19:58:30+00:00
a7_motion_sampling,73,0.6,slow,5,shipped,0,30,24,uniform_matched,50,0.6,1.6667,1.6667,0.625,0.014919,12th Gen Intel(R) Core(TM) i7-1255U,12,15.68,Windows-10-10.0.26200-SP0,3.11.15,2.4.6,1.17.1,4.12.2,0.48.4,5.0.0,2.13.0+cpu,fd20710,10,False,,"(9, 6, 2)",2026-08-27T19:58:30+00:00
a7_motion_sampling,74,0.6,slow,5,intervals_2x,0,30,24,adaptive,26,0.7692,1.1111,0.5,2.0,0.015278,12th Gen Intel(R) Core(TM) i7-1255U,12,15.68,Windows-10-10.0.26200-SP0,3.11.15,2.4.6,1.17.1,4.12.2,0.48.4,5.0.0,2.13.0+cpu,fd20710,10,False,,"(9, 6, 2)",2026-08-27T19:58:30+00:00
a7_motion_sampling,75,0.6,slow,5,intervals_2x,0,30,24,uniform_matched,26,0.5769,0.8333,0.9167,1.2083,0.015101,12th Gen Intel(R) Core(TM) i7-1255U,12,15.68,Windows-10-10.0.26200-SP0,3.11.15,2.4.6,1.17.1,4.12.2,0.48.4,5.0.0,2.13.0+cpu,fd20710,10,False,,"(9, 6, 2)",2026-08-27T19:58:30+00:00
a7_motion_sampling,76,0.6,slow,5,intervals_half,0,30,24,adaptive,97,0.7423,4.0,2.0833,0.5,0.015198,12th Gen Intel(R) Core(TM) i7-1255U,12,15.68,Windows-10-10.0.26200-SP0,3.11.15,2.4.6,1.17.1,4.12.2,0.48.4,5.0.0,2.13.0+cpu,fd20710,10,False,,"(9, 6, 2)",2026-08-27T19:58:30+00:00
a7_motion_sampling,77,0.6,slow,5,intervals_half,0,30,24,uniform_matched,97,0.5979,3.2222,3.25,0.3333,0.014836,12th Gen Intel(R) Core(TM) i7-1255U,12,15.68,Windows-10-10.0.26200-SP0,3.11.15,2.4.6,1.17.1,4.12.2,0.48.4,5.0.0,2.13.0+cpu,fd20710,10,False,,"(9, 6, 2)",2026-08-27T19:58:30+00:00
a7_motion_sampling,78,0.6,slow,5,shipped,1,30,24,adaptive,50,0.72,2.0,1.1667,1.0,0.014729,12th Gen Intel(R) Core(TM) i7-1255U,12,15.68,Windows-10-10.0.26200-SP0,3.11.15,2.4.6,1.17.1,4.12.2,0.48.4,5.0.0,2.13.0+cpu,fd20710,10,False,,"(9, 6, 2)",2026-08-27T19:58:30+00:00
a7_motion_sampling,79,0.6,slow,5,shipped,1,30,24,uniform_matched,50,0.6,1.6667,1.6667,0.625,0.014645,12th Gen Intel(R) Core(TM) i7-1255U,12,15.68,Windows-10-10.0.26200-SP0,3.11.15,2.4.6,1.17.1,4.12.2,0.48.4,5.0.0,2.13.0+cpu,fd20710,10,False,,"(9, 6, 2)",2026-08-27T19:58:30+00:00
a7_motion_sampling,80,0.6,slow,5,intervals_2x,1,30,24,adaptive,26,0.7692,1.1111,0.5,2.0,0.015175,12th Gen Intel(R) Core(TM) i7-1255U,12,15.68,Windows-10-10.0.26200-SP0,3.11.15,2.4.6,1.17.1,4.12.2,0.48.4,5.0.0,2.13.0+cpu,fd20710,10,False,,"(9, 6, 2)",2026-08-27T19:58:30+00:00
a7_motion_sampling,81,0.6,slow,5,intervals_2x,1,30,24,uniform_matched,26,0.5769,0.8333,0.9167,1.2083,0.015253,12th Gen Intel(R) Core(TM) i7-1255U,12,15.68,Windows-10-10.0.26200-SP0,3.11.15,2.4.6,1.17.1,4.12.2,0.48.4,5.0.0,2.13.0+cpu,fd20710,10,False,,"(9, 6, 2)",2026-08-27T19:58:30+00:00
a7_motion_sampling,82,0.6,slow,5,intervals_half,1,30,24,adaptive,97,0.7423,4.0,2.0833,0.5,0.014725,12th Gen Intel(R) Core(TM) i7-1255U,12,15.68,Windows-10-10.0.26200-SP0,3.11.15,2.4.6,1.17.1,4.12.2,0.48.4,5.0.0,2.13.0+cpu,fd20710,10,False,,"(9, 6, 2)",2026-08-27T19:58:30+00:00
a7_motion_sampling,83,0.6,slow,5,intervals_half,1,30,24,uniform_matched,97,0.5979,3.2222,3.25,0.3333,0.014704,12th Gen Intel(R) Core(TM) i7-1255U,12,15.68,Windows-10-10.0.26200-SP0,3.11.15,2.4.6,1.17.1,4.12.2,0.48.4,5.0.0,2.13.0+cpu,fd20710,10,False,,"(9, 6, 2)",2026-08-27T19:58:30+00:00
a7_motion_sampling,84,0.6,slow,5,shipped,2,30,24,adaptive,49,0.7143,1.9444,1.1667,1.0,0.010016,12th Gen Intel(R) Core(TM) i7-1255U,12,15.68,Windows-10-10.0.26200-SP0,3.11.15,2.4.6,1.17.1,4.12.2,0.48.4,5.0.0,2.13.0+cpu,fd20710,10,False,,"(9, 6, 2)",2026-08-27T19:58:30+00:00
a7_motion_sampling,85,0.6,slow,5,shipped,2,30,24,uniform_matched,49,0.5918,1.6111,1.6667,0.625,0.009434,12th Gen Intel(R) Core(TM) i7-1255U,12,15.68,Windows-10-10.0.26200-SP0,3.11.15,2.4.6,1.17.1,4.12.2,0.48.4,5.0.0,2.13.0+cpu,fd20710,10,False,,"(9, 6, 2)",2026-08-27T19:58:30+00:00
a7_motion_sampling,86,0.6,slow,5,intervals_2x,2,30,24,adaptive,25,0.72,1.0,0.5833,2.0,0.00997,12th Gen Intel(R) Core(TM) i7-1255U,12,15.68,Windows-10-10.0.26200-SP0,3.11.15,2.4.6,1.17.1,4.12.2,0.48.4,5.0.0,2.13.0+cpu,fd20710,10,False,,"(9, 6, 2)",2026-08-27T19:58:30+00:00
a7_motion_sampling,87,0.6,slow,5,intervals_2x,2,30,24,uniform_matched,25,0.56,0.7778,0.9167,1.25,0.009621,12th Gen Intel(R) Core(TM) i7-1255U,12,15.68,Windows-10-10.0.26200-SP0,3.11.15,2.4.6,1.17.1,4.12.2,0.48.4,5.0.0,2.13.0+cpu,fd20710,10,False,,"(9, 6, 2)",2026-08-27T19:58:30+00:00
a7_motion_sampling,88,0.6,slow,5,intervals_half,2,30,24,adaptive,97,0.732,3.9444,2.1667,0.5,0.009919,12th Gen Intel(R) Core(TM) i7-1255U,12,15.68,Windows-10-10.0.26200-SP0,3.11.15,2.4.6,1.17.1,4.12.2,0.48.4,5.0.0,2.13.0+cpu,fd20710,10,False,,"(9, 6, 2)",2026-08-27T19:58:30+00:00
a7_motion_sampling,89,0.6,slow,5,intervals_half,2,30,24,uniform_matched,97,0.5979,3.2222,3.25,0.3333,0.00934,12th Gen Intel(R) Core(TM) i7-1255U,12,15.68,Windows-10-10.0.26200-SP0,3.11.15,2.4.6,1.17.1,4.12.2,0.48.4,5.0.0,2.13.0+cpu,fd20710,10,False,,"(9, 6, 2)",2026-08-27T19:58:30+00:00
a7_motion_sampling,90,0.6,fast,14,shipped,0,30,24,adaptive,80,0.825,3.6667,1.1667,1.0,0.016226,12th Gen Intel(R) Core(TM) i7-1255U,12,15.68,Windows-10-10.0.26200-SP0,3.11.15,2.4.6,1.17.1,4.12.2,0.48.4,5.0.0,2.13.0+cpu,fd20710,10,False,,"(9, 6, 2)",2026-08-27T19:58:30+00:00
a7_motion_sampling,91,0.6,fast,14,shipped,0,30,24,uniform_matched,80,0.6,2.6667,2.6667,0.4167,0.015388,12th Gen Intel(R) Core(TM) i7-1255U,12,15.68,Windows-10-10.0.26200-SP0,3.11.15,2.4.6,1.17.1,4.12.2,0.48.4,5.0.0,2.13.0+cpu,fd20710,10,False,,"(9, 6, 2)",2026-08-27T19:58:30+00:00
a7_motion_sampling,92,0.6,fast,14,intervals_2x,0,30,24,adaptive,43,0.814,1.9444,0.6667,2.0,0.016047,12th Gen Intel(R) Core(TM) i7-1255U,12,15.68,Windows-10-10.0.26200-SP0,3.11.15,2.4.6,1.17.1,4.12.2,0.48.4,5.0.0,2.13.0+cpu,fd20710,10,False,,"(9, 6, 2)",2026-08-27T19:58:30+00:00
a7_motion_sampling,93,0.6,fast,14,intervals_2x,0,30,24,uniform_matched,43,0.5581,1.3333,1.5833,0.75,0.015517,12th Gen Intel(R) Core(TM) i7-1255U,12,15.68,Windows-10-10.0.26200-SP0,3.11.15,2.4.6,1.17.1,4.12.2,0.48.4,5.0.0,2.13.0+cpu,fd20710,10,False,,"(9, 6, 2)",2026-08-27T19:58:30+00:00
a7_motion_sampling,94,0.6,fast,14,intervals_half,0,30,24,adaptive,145,0.8207,6.6111,2.1667,0.5,0.016263,12th Gen Intel(R) Core(TM) i7-1255U,12,15.68,Windows-10-10.0.26200-SP0,3.11.15,2.4.6,1.17.1,4.12.2,0.48.4,5.0.0,2.13.0+cpu,fd20710,10,False,,"(9, 6, 2)",2026-08-27T19:58:30+00:00
a7_motion_sampling,95,0.6,fast,14,intervals_half,0,30,24,uniform_matched,145,0.5931,4.7778,4.9167,0.2083,0.015472,12th Gen Intel(R) Core(TM) i7-1255U,12,15.68,Windows-10-10.0.26200-SP0,3.11.15,2.4.6,1.17.1,4.12.2,0.48.4,5.0.0,2.13.0+cpu,fd20710,10,False,,"(9, 6, 2)",2026-08-27T19:58:30+00:00
a7_motion_sampling,96,0.6,fast,14,shipped,1,30,24,adaptive,67,0.791,2.9444,1.1667,1.0,0.015392,12th Gen Intel(R) Core(TM) i7-1255U,12,15.68,Windows-10-10.0.26200-SP0,3.11.15,2.4.6,1.17.1,4.12.2,0.48.4,5.0.0,2.13.0+cpu,fd20710,10,False,,"(9, 6, 2)",2026-08-27T19:58:30+00:00
a7_motion_sampling,97,0.6,fast,14,shipped,1,30,24,uniform_matched,67,0.597,2.2222,2.25,0.4583,0.014328,12th Gen Intel(R) Core(TM) i7-1255U,12,15.68,Windows-10-10.0.26200-SP0,3.11.15,2.4.6,1.17.1,4.12.2,0.48.4,5.0.0,2.13.0+cpu,fd20710,10,False,,"(9, 6, 2)",2026-08-27T19:58:30+00:00
a7_motion_sampling,98,0.6,fast,14,intervals_2x,1,30,24,adaptive,38,0.7895,1.6667,0.6667,2.0,0.015059,12th Gen Intel(R) Core(TM) i7-1255U,12,15.68,Windows-10-10.0.26200-SP0,3.11.15,2.4.6,1.17.1,4.12.2,0.48.4,5.0.0,2.13.0+cpu,fd20710,10,False,,"(9, 6, 2)",2026-08-27T19:58:30+00:00
a7_motion_sampling,99,0.6,fast,14,intervals_2x,1,30,24,uniform_matched,38,0.5789,1.2222,1.3333,0.8333,0.013609,12th Gen Intel(R) Core(TM) i7-1255U,12,15.68,Windows-10-10.0.26200-SP0,3.11.15,2.4.6,1.17.1,4.12.2,0.48.4,5.0.0,2.13.0+cpu,fd20710,10,False,,"(9, 6, 2)",2026-08-27T19:58:30+00:00
a7_motion_sampling,100,0.6,fast,14,intervals_half,1,30,24,adaptive,118,0.7881,5.1667,2.0833,0.5,0.0154,12th Gen Intel(R) Core(TM) i7-1255U,12,15.68,Windows-10-10.0.26200-SP0,3.11.15,2.4.6,1.17.1,4.12.2,0.48.4,5.0.0,2.13.0+cpu,fd20710,10,False,,"(9, 6, 2)",2026-08-27T19:58:30+00:00
a7_motion_sampling,101,0.6,fast,14,intervals_half,1,30,24,uniform_matched,118,0.5932,3.8889,4.0,0.2917,0.014897,12th Gen Intel(R) Core(TM) i7-1255U,12,15.68,Windows-10-10.0.26200-SP0,3.11.15,2.4.6,1.17.1,4.12.2,0.48.4,5.0.0,2.13.0+cpu,fd20710,10,False,,"(9, 6, 2)",2026-08-27T19:58:30+00:00
a7_motion_sampling,102,0.6,fast,14,shipped,2,30,24,adaptive,57,0.7544,2.3889,1.1667,1.0,0.009675,12th Gen Intel(R) Core(TM) i7-1255U,12,15.68,Windows-10-10.0.26200-SP0,3.11.15,2.4.6,1.17.1,4.12.2,0.48.4,5.0.0,2.13.0+cpu,fd20710,10,False,,"(9, 6, 2)",2026-08-27T19:58:30+00:00
a7_motion_sampling,103,0.6,fast,14,shipped,2,30,24,uniform_matched,57,0.5965,1.8889,1.9167,0.5417,0.009437,12th Gen Intel(R) Core(TM) i7-1255U,12,15.68,Windows-10-10.0.26200-SP0,3.11.15,2.4.6,1.17.1,4.12.2,0.48.4,5.0.0,2.13.0+cpu,fd20710,10,False,,"(9, 6, 2)",2026-08-27T19:58:30+00:00
a7_motion_sampling,104,0.6,fast,14,intervals_2x,2,30,24,adaptive,30,0.7667,1.2778,0.5833,2.0,0.00864,12th Gen Intel(R) Core(TM) i7-1255U,12,15.68,Windows-10-10.0.26200-SP0,3.11.15,2.4.6,1.17.1,4.12.2,0.48.4,5.0.0,2.13.0+cpu,fd20710,10,False,,"(9, 6, 2)",2026-08-27T19:58:30+00:00
a7_motion_sampling,105,0.6,fast,14,intervals_2x,2,30,24,uniform_matched,30,0.6,1.0,1.0,1.0417,0.009674,12th Gen Intel(R) Core(TM) i7-1255U,12,15.68,Windows-10-10.0.26200-SP0,3.11.15,2.4.6,1.17.1,4.12.2,0.48.4,5.0.0,2.13.0+cpu,fd20710,10,False,,"(9, 6, 2)",2026-08-27T19:58:30+00:00
a7_motion_sampling,106,0.6,fast,14,intervals_half,2,30,24,adaptive,102,0.7549,4.2778,2.0833,0.5,0.009902,12th Gen Intel(R) Core(TM) i7-1255U,12,15.68,Windows-10-10.0.26200-SP0,3.11.15,2.4.6,1.17.1,4.12.2,0.48.4,5.0.0,2.13.0+cpu,fd20710,10,False,,"(9, 6, 2)",2026-08-27T19:58:30+00:00
a7_motion_sampling,107,0.6,fast,14,intervals_half,2,30,24,uniform_matched,102,0.5882,3.3333,3.5,0.3333,0.00947,12th Gen Intel(R) Core(TM) i7-1255U,12,15.68,Windows-10-10.0.26200-SP0,3.11.15,2.4.6,1.17.1,4.12.2,0.48.4,5.0.0,2.13.0+cpu,fd20710,10,False,,"(9, 6, 2)",2026-08-27T19:58:30+00:00
